,siren,trancheEffectifsUniteLegale,denominationUniteLegale
1834,542078555,42,3M FRANCE
1879,552116329,42,44 GALERIES LAFAYETTE - 44 GL
1773,518515416,51,AAF LA PROVIDENCE II
1175,335146312,42,ABB FRANCE
2029,732075312,51,ACCENTURE
1644,445088057,51,ACCENTURE TECHNOLOGY SOLUTIONS
1939,602036444,42,ACCOR
1504,420462046,51,ACCORINVEST
1613,440536555,51,ACM
1333,382587558,42,ACNA
1165,333695922,42,ACODEGE
1902,562123513,42,ACOME SOCIETE COOPERATIVE ET PARTICIPATIVE SOCIETE ANONYME COOPERATIVE DE PRODUCTION A CAPITAL VARIABLE
1132,327355160,51,ACPPA ACCUEIL ET CONFORT POUR PERSONNES AGEES
2062,775561392,42,ACSEA
1663,451208292,51,ACTICALL FRANCE
2039,753308238,52,ACTION FRANCE
2340,998823504,51,ADECCO FRANCE
1105,323649525,51,ADEF RESIDENCES
2230,781343579,42,ADEI
1594,439436569,42,ADISSEO FRANCE S.A.S.
2260,788058030,51,ADOMA
1565,432123735,51,ADP GSI FRANCE
1039,311799878,42,ADREA MUTUELLE
1063,315549352,52,ADREXO
2094,775615594,51,ADULTES ENFANTS INADAPTES MENTAUX
2191,775722846,42,AEDE
1857,552016628,52,AEROPORTS DE PARIS
2256,785558941,42,AFASER - FOYERS ET SAJ
1002,304576218,51,AFEJI
1008,305405045,51,AFTRAL
1069,317358380,42,AGCO S.A.S.
1370,385290309,42,AGENCE DE L ENVIRONNEMENT ET DE LA MAITRISE DE L ENERGIE
2145,775665599,42,AGENCE FRANCAISE DE DEVELOPPEMENT
2136,775658354,42,AGENCE FRANCE PRESSE
327,200035459,42,AGGLOMERATION D'AGEN
2086,775602527,42,AGIR INNOVER MIEUX VIVRE
2073,775581226,51,AGIR SOIGNER EDUQUER INSERER
1049,314119504,51,AIR LIQUIDE FRANCE INDUSTRIE
1346,383474814,52,AIRBUS
1401,393341516,52,AIRBUS DEFENCE AND SPACE SAS
1275,352383715,52,AIRBUS HELICOPTERS
1511,420916918,53,AIRBUS OPERATIONS
1076,318732880,42,AKKA I&S
1238,344844998,42,AKWEL SA
1737,493378939,51,ALCATEL-LUCENT INTERNATIONAL
1938,602033185,42,ALE INTERNATIONAL
1242,345197552,51,ALINE IMMO
1926,572201549,42,ALLEZ CIE
1528,423765684,42,ALLIANCE EMPLOI
1517,421218132,51,ALLIANCE HEALTHCARE REPARTITION
1844,542110291,52,ALLIANZ I.A.R.D.
1196,340234962,51,ALLIANZ VIE
2339,998348601,42,ALSACE CROISIERES - CROISIEUROPE
1380,389192030,42,ALSTOM POWER SYSTEMS
1379,389191982,52,ALSTOM TRANSPORT SA
1249,348607417,52,ALTEN
1450,404191447,42,ALTEN SUD OUEST
1428,400357885,42,ALTEN SYSTEMES D'INFORMATION ET RESEAUX
1171,334769270,42,ALTERITE
2005,702012956,53,ALTRAN TECHNOLOGIES
1235,344496252,51,AMADEUS
1555,428785042,51,AMAZON FRANCE LOGISTIQUE SAS
1073,318083110,42,AMPLIFON FRANCE
1586,437574452,42,AMUNDI ASSET MANAGEMENT
1549,428682447,42,ANDROS
1167,334159472,51,ANSAMBLE
1377,388818726,42,AOSTE SNC OU A SNC
1500,419671425,51,APAVE NORD-OUEST SAS
1400,393168273,42,APAVE PARISIENNE SAS
1775,518720925,51,APAVE SUDEUROPE SAS
1749,501651616,42,APERAM STAINLESS FRANCE
2176,775688732,53,APF FRANCE HANDICAP
1684,477181010,52,API RESTAURATION
1495,417591971,42,APICIL TRANSVERSE
2197,775737646,42,APOGEI 94
1725,490176120,42,APPART'CITY
1710,483209383,51,APPLE RETAIL FRANCE EURL
2179,775691892,42,APRIA R.S.A
0,16250029,51,APRR
1025,309065084,42,APSIDE
1871,552081739,51,APTAR FRANCE SAS
1740,493689566,42,ARC EN CIEL ENVIRONNEMENT
1754,504313032,51,ARC FRANCE
1913,572002186,42,ARCADE NETTOYAGE
1639,444718563,52,ARCELORMITTAL ATLANTIQUE ET LORRAINE
1515,421174038,51,ARCELORMITTAL MEDITERRANEE
1554,428764500,52,AREVA NP
1016,306916099,51,ARGEDIS
1776,519032247,51,ARIANEGROUP SAS
1084,319632790,52,ARKEMA FRANCE
1320,380622332,51,ARMAND THIERY SAS
2299,817797095,51,ARPAVIE
1040,312147770,42,ARPEGE
1849,546650367,42,ARRIVE
1032,310635032,42,ARTELIA BATIMENT & INDUSTRIE
2283,802634840,42,ASCO INDUSTRIES
2124,775642069,51,ASS BAS-RHINOISE AIDE PERSONNES AGEES
2100,775618689,42,ASS CMSEA
2035,752610147,51,ASS DE MOYENS KLESIA
1177,337562862,42,ASS EN FAVEUR DES HANDICAPES ET INADAPTE
2138,775660970,42,ASS INSERT REINSERT PROF HUMAIN HANDIC
2194,775728223,42,ASS INT CTRE MED SOCIAUX REG ILE FRANCE
2257,785668237,42,ASS MONSIEUR VINCENT
1763,509168480,42,ASS POUR  L'ACCOMPAGNEMENT ET LE MAINTIEN A DOMICILE
996,303560619,42,ASS POUR ADULTES & JEUNES HANDICAPES
1412,398041442,42,ASS POUR ADULTES ET JEUNES HANDICAPES DU VAL D OISE
2123,775641830,42,ASS REG SPECIALISEE EDUCATION ANIMATION
1284,353522204,42,ASSISTANCE AERONAUTIQUE ET AEROSPATIALE
2072,775581218,42,ASSOC REG SAUVEGARDE ENFANT ADO ADUL
1783,520283110,51,ATALIAN PROPRETE EST
1193,339718421,52,ATALIAN PROPRETE ILE DE FRANCE
1781,520239716,51,ATALIAN PROPRETE NORD NORMANDIE
1782,520256306,42,ATALIAN PROPRETE OUEST
2285,803733625,51,ATALIAN PROPRETE PACA
2286,803744507,42,ATALIAN PROPRETE RHONE ALPES
1784,520451907,51,ATALIAN PROPRETE SUD OUEST
14,64502636,51,ATOS INFOGERANCE
1458,408024719,51,ATOS INTEGRATION
1392,391504693,51,AUBAY
1317,380342808,51,AUBERT & DUVAL
1421,399226653,42,AUBERT FRANCE
1473,410409460,53,AUCHAN HYPERMARCHE
1472,410409015,53,AUCHAN SUPERMARCHE
1280,352905707,51,AUSY
1391,391378239,42,AUTOGRILL COTE FRANCE
1893,562041525,42,AUTOROUTE ESTEREL COTE AZUR PROVENCE ALP
1923,572139996,51,AUTOROUTES DU SUD DE LA FRANCE
1151,330447236,42,AVEM
1971,652023961,42,AVIS LOCATION DE VOITURES
1014,306522665,42,AVIVA ASSURANCES SOCIETE ANONYME D'ASSURANCES INCENDIE ACCIDENTS ET RISQUES DIVERS EN ABREGE AVIVA ASSURANCES
1727,490381753,42,AWP FRANCE SAS
1037,311338339,42,AXA ASSISTANCE FRANCE
2025,722057460,53,AXA FRANCE IARD
1936,599815073,42,AXENS
2305,854800745,52,AXIMA CONCEPT
1607,440267177,42,AXIMA REFRIGERATION FRANCE
1931,582081782,42,AXIMUM
1656,449586544,42,AXIONE
1779,519881791,42,AZURIAL
1894,562050856,42,B.BRAUN MEDICAL
1518,421255134,42,B.D.M.S. DISTRIBUTION
2041,754800712,51,BANQUE CIC EST
1673,455502096,51,BANQUE CIC NORD OUEST
2307,855801072,51,BANQUE CIC OUEST
1674,456204809,42,BANQUE CIC SUD OUEST
1922,572104891,53,BANQUE DE FRANCE
1841,542104245,42,BANQUE PALATINE
1290,356801571,51,BANQUE POPULAIRE ALSACE LORRAINE CHAMPAGNE
1944,605520071,51,BANQUE POPULAIRE AUVERGNE RHONE ALPES
1845,542820352,42,BANQUE POPULAIRE BOURGOGNE FRANCHE-COMTE
1678,457506566,42,BANQUE POPULAIRE DU NORD
1885,554200808,42,BANQUE POPULAIRE DU SUD
2310,857500227,42,BANQUE POPULAIRE GRAND OUEST
8,58801481,51,BANQUE POPULAIRE MEDITERRANEE
1887,560801300,51,BANQUE POPULAIRE OCCITANE
1853,552002313,51,BANQUE POPULAIRE RIVES DE PARIS
1852,549800373,51,BANQUE POPULAIRE VAL DE FRANCE
1570,433225356,42,BARILLA FRANCE
1829,542069158,42,BASF FRANCE SAS
1009,305635039,42,BASTIDE LE CONFORT MEDICAL
1822,542042486,42,BAYARD PRESSE
2014,706580149,42,BAYER HEALTHCARE SAS
1892,562038893,42,BAYER SAS
1721,489139436,42,BCA EXPERTISE SAS
4,56501711,42,BECTON DICKINSON FRANCE
1836,542088067,42,BEL
1316,380231316,42,BERGERAT MONNOYEUR
1927,572232650,42,BHV EXPLOITATION
1723,489375691,51,BIEN A LA MAISON
1657,449990712,42,BIO-RAD FRANCE
1990,673620399,51,BIOMERIEUX SA
1408,395001852,42,BLANC AERO INDUSTRIES
978,301374922,42,BLEDINA
2213,778115824,42,BMSO
1979,662042449,53,BNP PARIBAS
1959,632017513,42,BNP PARIBAS LEASE GROUP
1839,542097902,52,BNP PARIBAS PERSONAL FINANCE
2332,967504697,51,BOIRON
1466,410173298,51,BOIS & MATERIAUX
1873,552088536,51,BOLLORE LOGISTICS
2002,698800935,42,BOMBARDIER TRANSPORT FRANCE S.A.S
1983,665580072,42,BONDUELLE EUROPE LONG LIFE
1244,347384570,52,BOULANGER
2097,775618036,42,BOULANGERIE NEUHAUSER
1688,478455793,51,BOULANGERIES BG
1442,403052111,42,BOULANGERIES PAUL
1097,321006892,42,BOUYGUES BATIMENT GRAND OUEST
1577,433900834,51,BOUYGUES BATIMENT ILE DE FRANCE
2028,731620316,42,BOUYGUES BATIMENT SUD-EST
1328,381762038,42,BOUYGUES E&S FM FRANCE
1897,562091546,42,BOUYGUES IMMOBILIER
1410,397480930,51,BOUYGUES TELECOM
1455,407985308,42,BOUYGUES TRAVAUX PUBLICS
1739,493455042,42,BPCE
2295,812773711,42,BPCE INFOGERANCE ET TECHNOLOGIES
1089,320252489,51,BPIFRANCE FINANCEMENT
1874,552091795,51,BRED BANQUE POPULAIRE
2317,927250217,51,BRETAGNE ANGLETERRE IRLANDE
1668,451647903,52,BRICO DEPOT
1510,420809923,51,BRICOMAN
1454,406680314,51,BRICORAMA FRANCE
1292,361200389,42,BRIDGESTONE FRANCE
1116,324613678,51,BRINK'S EVOLUTION
2247,784621468,42,BTP PREVOYANCE
1719,488411844,42,BTP RESIDENCES MEDICO SOCIALES
1079,318906443,52,BUFFALO GRILL
1969,642058739,51,BULL SAS
2178,775690621,52,BUREAU VERITAS
2268,790182786,42,BUREAU VERITAS CONSTRUCTION
2269,790184675,51,BUREAU VERITAS EXPLOITATION
2023,722041860,52,BUT INTERNATIONAL
1712,483733747,42,BYBLOS HUMAN SECURITY
1982,662051275,51,C & A FRANCE
366,200066918,42,CA ALES AGGLOMERATION
1838,542097522,51,CA CONSUMER FINANCE
374,200072460,42,"CA DE BETHUNE-BRUAY, ARTOIS-LYS ROMANE"
368,200067205,42,CA DU COTENTIN
367,200067106,42,CA DU PAYS BASQUE
361,200059228,42,CA GRAND PARIS SUD SEINE ESSONNE SENART
365,200066009,42,CA MULHOUSE ALSACE AGGLOMERATION
370,200067254,42,CA PAU BEARN PYRENEES
372,200068781,42,CA VALENCE ROMANS AGGLO
2146,775665615,51,CAISS REGIO CREDI AGRIC MUTUEL PARIS IDF
2182,775694748,51,CAISSE CENTRALE ACTIVITE SOCIALE
2228,781065396,51,CAISSE COMPENS CONGES PAYES PORT HAVRE
1286,353821028,51,CAISSE D EPARGNE ET DE PREVOYANCE AQUITAINE POITOU CHARENTES
1324,380980300,42,CAISSE D'ALLOCAT FAMIL SEINE-SAINT-DENIS
2059,775559404,51,CAISSE D'EPARGNE CEPAC
1397,392640090,51,CAISSE D'EPARGNE ET DE PREVOYANCE BRETAGNE - PAYS DE LOIRE
1357,383984879,42,CAISSE D'EPARGNE ET DE PREVOYANCE D'ALSACE
1335,382742013,42,CAISSE D'EPARGNE ET DE PREVOYANCE D'AUVERGNE ET DU LIMOUSIN
1276,352483341,42,CAISSE D'EPARGNE ET DE PREVOYANCE DE BOURGOGNE FRANCHE-COMTE
1342,383354594,42,CAISSE D'EPARGNE ET DE PREVOYANCE DE MIDI PYRENEES
1362,384353413,42,CAISSE D'EPARGNE ET DE PREVOYANCE DE NORMANDIE
1360,384006029,51,CAISSE D'EPARGNE ET DE PREVOYANCE DE RHONE ALPES
2099,775618622,51,CAISSE D'EPARGNE ET DE PREVOYANCE GRAND EST EUROPE
1337,383000692,51,CAISSE D'EPARGNE ET DE PREVOYANCE HAUTS DE FRANCE
1336,382900942,51,CAISSE D'EPARGNE ET DE PREVOYANCE ILE-DE-FRANCE
2217,778147454,42,CAISSE DE CREDIT MUTUEL DU SUD-EST
183,180020026,52,CAISSE DES DEPOTS ET CONSIGNATIONS
1350,383686839,42,CAISSE EPARGNE PREVO LOIRE DROME ARDECHE
1363,384402871,42,CAISSE EPARGNE PREVOYANCE COTE D'AZUR
1343,383451267,42,CAISSE EPARGNE PREVOYANCE LANGUEDOC ROUSSILLON
1932,588505354,51,CAISSE FEDERALE DE CREDIT MUTUEL
1886,556650208,42,CAISSE FEDERALE DU CREDIT MUTUEL DE MAINE ANJOU ET BASSE NORMANDIE
1090,320342264,51,CAISSE FEDERALE DU CREDIT MUTUEL NORD EUROPE
1017,307049015,42,CAISSE FEDERALE DU CREDIT MUTUEL OCEAN
186,180035032,51,CAISSE NATIONALE D'ASSURANCE VIEILLESSE DES TRAVAILLEURS SALARIES
1218,343115135,42,CAISSE NATIONALE DE REASSURANCE MUTUELLE AGRICOLE GROUPAMA
2238,782885735,51,CAISSE PRIMAIRE CENTRALE ASSUR MALADIE
1240,345086177,51,CAMAIEU INTERNATIONAL
1270,352014955,42,CANDIA
2030,738205269,42,CANON FRANCE
1696,479766800,42,CAPGEMINI CONSULTING
1632,444495774,51,CAPGEMINI DEMS FRANCE
1747,501620819,51,CAPTAIN TORTUE FRANCE
1540,425050556,51,CARGLASS S.A.S.
1929,582001707,42,CAROLL INTERNATIONAL
1047,313811515,42,CARREFOUR BANQUE
1664,451321335,53,CARREFOUR HYPERMARCHES
1241,345130488,51,CARREFOUR PROXIMITE FRANCE
1541,428240287,52,CARREFOUR SUPPLY CHAIN
1709,483018370,42,CARRIER
1706,482283694,42,CASTEL FRERES
1669,451678973,53,CASTORAMA FRANCE
12,61500245,42,CATERPILLAR FRANCE SAS
1681,470801168,42,CDC HABITAT
1531,424059822,42,CDISCOUNT
1467,410218010,42,CEGID
1045,313334856,51,CELIO FRANCE
1905,562880179,42,CEMOI CONFISEUR
1761,508321213,42,CENTER PARCS RESORTS FRANCE
815,264900614,42,CESAME CTRE DE SANTE MENTALE ANGEVIN
982,301763405,42,CEVA SANTE ANIMALE
1021,308403955,42,CGE DISTRIBUTION
2010,702042755,53,CGI FRANCE
807,264500224,42,CH AGGLOMERATION MONTARGOISE
821,265205138,42,CH GENEVIEVE DE GAULLE ANTHONIOZ
1034,310968540,42,CHAINE THERMALE DU SOLEIL
1203,341152395,51,CHALLANCIN PREVENTION ET SECURITE
1825,542052766,51,CHANEL
1687,478417710,42,CHANEL PARFUMS BEAUTE
1591,439067612,51,CHANTIERS DE L'ATLANTIQUE
1850,546950379,51,CHARAL
1269,351825419,42,CHARLESTOWN
1440,402559595,42,CHATEAUFORM' FRANCE
1150,330267691,51,CHAUSSEA SAS
1797,528648892,51,CHAUSSON MATERIAUX
920,268502424,51,CHD LA ROCHE SUR YON LUCON MONTAIGU
1947,612035832,51,CHRISTIAN DIOR COUTURE
1573,433513892,51,CHRONODRIVE
1356,383960135,51,CHRONOPOST
917,268400090,51,CHS DE MONTFAVET
1479,413156795,51,CIE EUROPEENNE DE LA CHAUSSURE
2020,722000395,51,CIE EXPLOITATION SCE AUXILIAIRE AERIEN
1880,552118465,52,CIE IBM FRANCE
1974,654800689,42,CIMENTS CALCIA
1384,390072551,42,CIRCET
1658,450046768,42,CITY ONE ACCUEIL
2253,785304031,42,CLAAS TRACTOR SAS
1213,342837416,42,CLAIRE'S FRANCE
1916,572050334,42,CLEAR CHANNEL FRANCE
973,301160750,52,CLINEA
1925,572185684,51,CLUB MED
1889,562024422,51,CMA CGM
1114,324286319,42,CMI PUBLISHING
1999,695480244,42,CNH INDUSTRIAL FRANCE
1208,341737062,51,CNP ASSURANCES
2160,775680309,51,COALLIA
1226,343688016,51,COCA-COLA EUROPEAN PARTNERS FRANCE
1118,325307106,42,COFIDIS
1878,552115891,42,COFIROUTE
1141,329168157,51,COLAS ILE DE FRANCE NORMANDIE
1145,329368526,51,COLAS MIDI MEDITERRANEE
1139,328899042,42,COLAS NORD PICARDIE
1142,329198337,51,COLAS NORD-EST
1963,632049128,51,COLAS RAIL
1146,329393797,51,COLAS RHONE-ALPES AUVERGNE
1147,329405211,51,COLAS SUD OUEST
1224,343403531,51,COLLECTES VALORISATION ENERGIE DECHETS - COVED
2263,789139789,51,COLRUYT RETAIL FRANCE
7,57802753,42,COMASUD
1735,493265284,42,COMPAGNIE D'EXPLOITATION ET DE REPARTITION PHARMACEUTIQUES DE ROUEN
2150,775667363,42,COMPAGNIE DES EAUX ET DE L'OZONE PROCEDES M P OTTO
1748,501645196,42,COMPAGNIE DES FROMAGES ET RICHESMONTS
1908,568500680,42,COMPAGNIE DES TRANSPORTS STRASBOURGEOIS
2329,957520901,42,COMPAGNIE NATIONALE DU RHONE
1961,632041042,53,COMPASS GROUP FRANCE
1086,319883344,42,COMPTOIR ELECTRIQUE FRANCAIS
1376,388734568,42,COMPUTACENTER FRANCE
1486,414819409,52,CONFORAMA FRANCE
1811,535420533,42,CONFRAT EXPLOIT ET REPART PHARMACEUTIQUE
277,197534712,51,CONSERVATOIRE NATIONAL DES ARTS ET METIERS
1498,418827655,42,CONSORT FRANCE
1987,672014081,42,CONSTELLIUM ISSOIRE
2289,807641360,42,CONSTELLIUM NEUF BRISACH
1620,442835468,42,CONSTRUCTEL CONSTRUCTIONS TELECOMMUNICA.
1056,314722026,51,CONTINENTAL AUTOMOTIVE FRANCE
1314,380110304,42,CONTINENTAL FRANCE
2188,775714991,42,COOP AGRICOL VENDEE APPROV VENTE CEREALE
1794,525580130,51,COOP ATLANTIQUE
1722,489332908,42,COOPER-STANDARD FRANCE
1358,383986874,51,COOPERL ARC ATLANTIQUE
2259,786920306,53,CORA
1138,328621586,42,CORSAIR
2297,815243852,42,CORSICA LINEA
1707,482340973,51,COTE BOULANGE
1031,310601687,42,COUGNAUD CONSTRUCTION
147,176901114,42,COUR D APPEL DE LYON
152,177501111,52,COUR D APPEL DE PARIS
124,173501115,42,COUR D APPEL DE RENNES
160,177801115,42,COUR D APPEL DE VERSAILLES
1544,428559967,42,COURIR FRANCE
1064,315666958,42,CPM FRANCE
1318,380386854,42,CR CREDIT AGRICOLE MUTUEL LOIRE HTE LOIR
1311,379834906,42,CRAMA MEDITERRANEE
1331,382285260,42,CRAMA PARIS VAL DE LOIRE
992,302958491,51,CRCAM DES SAVOIE
1643,444953830,51,CRCAM NORD MIDI-PYRENEES
1329,381976448,51,CREDIT AGRICOLE ALPES PROVENCE
1587,437642531,42,CREDIT AGRICOLE ALSACE VOSGES
1670,451751564,42,CREDIT AGRICOLE ASSURANCES SOLUTIONS
999,304187701,51,CREDIT AGRICOLE CORPORATE AND INVESTMENT BANK
2212,777903816,42,CREDIT AGRICOLE DU MORBIHAN
1996,692029457,42,CREDIT AGRICOLE LEASING & FACTORING
2190,775718216,42,CREDIT AGRICOLE MUTUEL CHAMPAGNE-BOURGOG
1366,384899399,42,CREDIT AGRICOLE MUTUEL DE FRANCHE COMTE
2206,776983546,42,CREDIT AGRICOLE MUTUEL PYRENEES GASCOGNE
2246,784608416,51,CREDIT AGRICOLE SA
1257,349974931,42,CREDIT COOPERATIF
1677,456504851,51,CREDIT DU NORD
1819,542029848,51,CREDIT FONCIER DE FRANCE
1816,542016381,51,CREDIT INDUSTRIEL ET COMMERCIAL
2325,954509741,53,CREDIT LYONNAIS
2069,775577018,52,CREDIT MUTUEL ARKEA
1520,421343369,42,CRISTAL UNION
1665,451329908,42,CRIT
2154,775672272,53,CROIX ROUGE FRANCAISE
2321,954200838,42,CROWN EMBALLAGE FRANCE SA
1398,393135298,42,CS SYSTEMES D'INFORMATION
1608,440283752,53,CSF
364,200065597,51,CU CAEN LA MER
1848,546650334,51,DACHSER FRANCE
1935,597020841,51,DAHER AEROSPACE
1676,456500537,53,DALKIA
1163,333202083,42,DAMART
1989,672039971,51,DANONE PRODUITS FRAIS FRANCE
994,303376586,51,DARTY GRAND EST
1190,339403933,51,DARTY GRAND OUEST
2017,712042456,52,DASSAULT AVIATION
1098,322306440,51,DASSAULT SYSTEMES
1966,632750139,51,DAVIGEL
1013,306138900,51,DECATHLON
1745,500569405,53,DECATHLON FRANCE
1572,433250834,51,DEKRA INDUSTRIAL
1022,308448851,42,DELABLI
1044,313167173,42,DELIFRANCE S A
1611,440322808,42,DELISAVEURS
1265,351528229,42,DELL
1435,401948245,42,DELOITTE CONSEIL
1915,572028041,42,DELOITTE ET ASSOCIES
1970,645680026,42,DELPEYRAT
1604,440156081,42,DELPHI FRANCE SAS
2270,790843411,42,DEMATHIEU BARD CONSTRUCTION
1283,353513450,42,DERET LOGISTIQUE
1200,340641216,42,DERICHEBOURG ATIS AERONAUTIQUE
2006,702021114,53,DERICHEBOURG PROPRETE
2327,955503982,42,DESAUTEL
1441,402968655,42,DEVOTEAM
1215,342948965,42,DEVRED
1197,340373687,42,DEXI DIFFUSION
1742,494956774,51,DHL INTERNATIONAL EXPRESS (FRANCE)
2004,702002221,42,DIAC
1003,305151409,42,DIAGNOSTICA STAGO
1542,428268023,53,DISTRIBUTION CASINO FRANCE
1759,508102159,42,DISTRIBUTION MATERIAUX BOIS-PANNEAUX - D.M.B.P
1924,572141885,51,DISTRIBUTION SANITAIRE CHAUFFAGE
1285,353669419,42,DISTRICO
1383,389589375,42,DISTRILAP
1648,445330236,42,DISTRIVERT
1087,320217144,42,DOCAPOST BPO
1385,390426450,42,DOCAPOSTE BPO IS
1460,408660595,42,DOMUSVI DOMICILE
2071,775577950,42,DON BOSCO
1294,376080487,42,DOUX
1631,444420830,42,DPD FRANCE
1123,326019775,42,DU PAREIL AU MEME
1465,410151674,42,DUPONT RESTAURATION
1061,315268664,42,DXC TECHNOLOGY FRANCE
1803,532243599,42,EASY JET AIRLINE COMPANY LTD
1338,383123874,51,EASYDIS
1488,414967984,51,ECONOCOM- OSIATIS FRANCE
1172,334795051,42,EDENIS
2318,945752137,51,EIFFAGE ENERGIE SYSTEMES - CLEMESSY
1506,420540643,42,EIFFAGE ENERGIE SYSTEMES - ILE DE FRANCE
1278,352745749,51,EIFFAGE GENIE CIVIL
1416,398762211,42,EIFFAGE ROUTE MEDITERRANEE
1437,402096267,42,EIFFAGE ROUTE NORD EST
1436,402038384,42,EIFFAGE ROUTE OUEST
1422,399307370,42,EIFFAGE ROUTE SUD OUEST
2009,702038464,42,ELCO
1870,552081317,53,ELECTRICITE DE FRANCE
1576,433744539,42,ELECTRO DEPOT FRANCE
1792,524959236,42,ELIOR CONCESSIONS GARES
1480,413901760,52,ELIOR ENTREPRISES
1233,344477468,51,ELIVIA
1166,333954386,42,ELIVIE
1840,542097944,42,ELM LEBLANC SAS
1977,662025196,52,ELRES
1589,438277030,51,ENDEL
1635,444608442,53,ENEDIS
1842,542107651,52,ENGIE
1077,318771995,42,ENTERPRISE HOLDINGS FRANCE
1119,325520450,42,ENTREMONT ALLIANCE
2033,745420653,42,ENTREPRISE GENERALE LEON GROSSE
1917,572053833,51,ENTREPRISE GUY CHALLANCIN
11,60801388,51,ENTREPRISE H. REINIER
1070,317442176,42,EOVI MCD MUTUELLE
1464,410065361,42,EQUANT FRANCE SA
1655,449142348,51,ERNST & YOUNG ET ASSOCIES
1248,348006446,42,ERNST ET YOUNG ADVISORY
1566,432505972,42,ERT TECHNOLOGIES
1595,439769654,51,ESSILOR INTERNATIONAL
2011,702055187,42,ESSITY OPERATIONS FRANCE
1313,379914237,42,ESSO RAFFINAGE
358,200057875,42,EST ENSEMBLE
1672,455501452,42,ESTERRA
1686,478355753,42,ETAM LINGERIE
1341,383252608,42,ETF
2031,739806230,51,ETS HORTICOLES GEORGES TRUFFAUT
1937,601650146,42,EURALIS GASTRONOMIE
1344,383460714,42,EURIAL
2013,705580108,42,EURIAL ULTRA FRAIS
1704,480890656,42,EURO CARGO RAIL
1409,397471822,53,EURO DISNEY ASSOCIES SAS
1319,380474494,51,EURO INFORMATION DEVELOPPEMENTS
1461,408772101,42,EURODIF
1396,392527404,51,EUROMASTER FRANCE
1774,518515564,42,EUROP NET II
997,303656847,42,EUROPCAR FRANCE
1651,447818600,51,EVANCIA
1451,404271470,51,EXPLEO FRANCE
1272,352170013,42,EXXONMOBIL CHEMICAL FRANCE
16,71502397,51,FAURECIA INTERIEUR INDUSTRIE
1399,393162433,51,FAURECIA SIEGES D'AUTOMOBILE
1509,420797433,42,FAURECIA SYSTEMES D'ECHAPPEMENT
2226,780864948,42,FED DEP ASS ADMR DE LA MANCHE
1266,351630371,42,FEDERAL EXPRESS CORPORATION
1367,384956892,42,FEDERAL EXPRESS INTERNATIONAL (FRANCE)
2245,784579682,52,FEDERATION DES APAJH
2336,973505357,42,FEDEX EXPRESS FR
1007,305376857,42,FEDEX EXPRESS FRANCE
1252,348936386,51,FENWICK-LINDE
2287,803769827,42,FERRERO FRANCE COMMERCIALE
1968,642005177,42,FERROPEM
1133,327359980,51,FEU VERT
1793,525031522,51,FIDAL
1297,377768601,42,FIDELIA ASSISTANCE
2335,972200018,42,FIDUCIAL CONSULTING
1327,381162197,51,FIDUCIAL PRIVATE SECURITY
1254,349357343,42,FIGEAC AERO
1199,340545441,42,FLEURY MICHON LS
1626,443982038,42,FLEX-N-GATE FRANCE
1094,320772510,52,FLUNCH
1293,367801404,51,FM FRANCE
1260,350127460,42,FNAC PARIS
1332,382401867,42,FOOT LOCKER FRANCE
1120,325520898,42,FOURNIER
1261,350693586,42,FPT POWERTRAIN TECHNOLOGIES FRANCE
1227,343862652,51,FRAIKIN FRANCE
1630,444249478,42,FRANCE GARDIENNAGE
1746,501524029,42,FRANCE MEDIAS MONDE
2319,950026914,51,FRANCE QUICK SAS
1568,432766947,53,FRANCE TELEVISIONS
1352,383706397,51,FRANS BONHOMME
1736,493371595,42,FROMAGERIES BEL PRODUCTION FRANCE
1919,572062594,51,GALERIES LAFAYETTE HAUSSMANN - GL HAUSSMANN
1826,542063797,42,GAN ASSURANCES
1653,448549758,42,GARDIENNAGE ECLIPSE SURETE
1705,481213692,42,GE ENERGY POWER CONVERSION FRANCE
1256,349942458,42,GE ENERGY PRODUCTS FRANCE SNC
1059,315013359,51,GE MEDICAL SYSTEMS
2266,789791464,51,GEFCO FRANCE
1062,315334011,42,GENERAL LOGISTICS SYSTEMS FRANCE
1588,437723844,51,GENERALE DE TELEPHONE
1868,552062663,42,GENERALI IARD
1942,602062481,52,GENERALI VIE
1371,385365713,52,GFI INFORMATIQUE
1543,428286496,51,GFI INFORMATIQUE - PRODUCTION
2281,801947052,52,GIE AG2R REUNICA
1074,318246899,51,GIE BNP PARIBAS CARDIF
1447,403267727,42,GIE DES HOTELS ECORED
1638,444698500,42,GIE DES HOTELS SUPER ECONOMIQUES
1381,389272295,42,GIE EUROPAC
1689,478725625,42,GIFI MAG
1470,410352777,42,GLAXO WELLCOME PRODUCTION
1419,398972901,51,GMF ASSURANCES
1545,428560031,51,GO SPORT FRANCE
983,301790705,42,GOM PROPRETE
1621,443177233,42,GOODRICH ACTUATION SYSTEMS SAS
1149,330139403,42,GOODYEAR FRANCE
1831,542074976,42,GORON SA
362,200059889,42,GRAND PARIS SEINE ET OISE
359,200058006,42,GRAND PARIS SUD EST AVENIR
2056,775558489,42,GRAND PORT MARITIME DE MARSEILLE
2184,775700198,42,GRAND PORT MARITIME DU HAVRE
360,200058014,42,GRAND-ORLY SEINE BIEVRE
1264,351466495,42,GRANDS MOULINS DE PARIS
1731,492787957,51,GRANDVISION FRANCE
1957,632013843,42,GRANT THORNTON
1036,311248637,42,GRAS SAVOYE
1641,444786511,52,GRDF
1378,389191800,51,GRID SOLUTIONS
1395,391851557,42,GROUPAMA D'OC
1198,340427616,42,GROUPAMA GAN VIE
1354,383844693,51,GROUPAMA LOIRE BRETAGNE
1359,383987625,42,GROUPAMA NORD EST
2222,779838366,51,GROUPAMA RHONE ALPES AUVERGNE
2214,778125468,42,GROUPE ASSOCIATIF HANDY UP
2202,776221467,51,GROUPE BIGARD
1508,420624777,42,GROUPE CANAL+ SA
321,200030708,42,GROUPE EPHESE
2292,808528731,42,GROUPE ROCHER OPERATIONS
2174,775685506,42,GROUPE SOS JEUNESSE
991,302891114,51,GROUPE SOS SANTE
2098,775618150,51,GROUPE SOS SENIORS
1202,341062404,51,GROUPE SOS SOLIDARITES
2037,753188333,51,GROUPEMENT D'INTERET ECONOMIQUE HUMANIS ASSURANCES DE PERSONNES
2038,753201268,51,GROUPEMENT D'INTERET ECONOMIQUE HUMANIS RETRAITE COMPLEMENTAIRE ET ACTION SOCIALE
1766,509909537,42,GROUPEMENT DE COOPERATION MEDICO SOCIAL ARRAS MONTREUIL SUR MER
1603,440117620,51,GRTGAZ
1592,439117698,42,GSF ARIES
1236,344636477,42,GSF ATLANTIS
1593,439118449,42,GSF ATLAS
1234,344483003,51,GSF CELTUS
2276,794514356,42,GSF GRANDE ARCHE
1751,502254881,42,GSF GRANDE ARCHE
2333,967802059,42,GSF JUPITER
1019,308185503,51,GSF MERCURE
1012,306044504,42,GSF NEPTUNE
1232,344382874,51,GSF ORION
1369,384983482,42,GSF PHOCEA
1000,304349277,42,GSF PLUTON
1015,306795600,42,GSF SATURNE
1033,310827563,42,GSF TREVISE
1930,582022265,42,GUERLAIN
2034,745851303,42,GUILBERT PROPRETE
1650,447754086,42,GUINTOLI
1420,398979310,52,H&M HENNES & MAURITZ
1941,602060147,42,HACHETTE LIVRE
1992,675980114,51,HAGER ELECTRO SAS
1720,488727298,42,HANES FRANCE
1812,538518473,51,HARMONIE MUTUELLE
1487,414842062,42,HEINEKEN ENTREPRISE
1330,381983568,51,HELPLINE
2045,769800202,51,HEPPNER SOCIETE DE TRANSPORTS
1301,378570261,42,HERBALIFE INTERNATIONAL FRANCE
2001,696520410,51,HERMES SELLIER
1035,311043194,42,HERTA
1298,377839667,42,HERTZ FRANCE
1954,627220049,51,HERVE THERMIQUE
1972,652031857,42,HEWLETT-PACKARD FRANCE
1100,322566043,51,HIPPO GESTION ET CIE SNC
1718,488404823,42,HIQ CONSULTING
1307,379455231,51,HOLDING DE RESTAURATION CONCEDEE HRC
2267,790151716,51,HOP!
1654,448694133,42,HP FRANCE SAS
2316,886080282,42,HPM NORD
2151,775670284,52,HSBC FRANCE
1476,411381346,42,HUB SAFE
1051,314397696,51,HUTCHINSON SNC
1205,341429488,42,ICTS FRANCE
1575,433691862,51,ID LOGISTICS FRANCE
1201,340709534,42,IDEMIA FRANCE
1609,440305282,42,IDEMIA IDENTITY & SECURITY FRANCE
1065,315871640,51,IDEX ENERGIES
1192,339609661,42,IDVERDE
1161,332737394,42,IFAC
2195,775729155,42,IFP ENERGIES NOUVELLES
1884,552141533,51,IMMOBILIERE 3F
1088,320229644,42,INDIGO PARK
1155,331310870,42,INDUSTEEL FRANCE
1462,409867942,42,INEO INFRACOM
1231,344122262,42,INFOTEL CONSEIL
1724,489626135,42,INGEROP CONSEIL ET INGENIERIE (ICI)
1220,343234142,51,INITIAL
1614,440546018,42,INSTIT RADIOPROTECTION SURETE NUCLEAIRE
1571,433240991,51,INTER MUTUELLES ASSISTANCE GIE
1948,612039073,42,INTERFORUM
1975,662005214,42,ISS HYGIENE ET PREVENTION
2015,712002641,42,ISS LOGISTIQUE ET PRODUCTION
1818,542016951,53,ISS PROPRETE
1679,469600050,42,IT-CE
1768,514080837,52,ITM LOGISTIQUE ALIMENTAIRE INTERNATIONAL
1581,434027249,42,ITRON FRANCE
1501,419683818,51,IVECO FRANCE
1499,418872537,42,J.L. INTERNATIONAL
1890,562033068,42,JANSSEN CILAG
1640,444750368,51,JARDILAND ENSEIGNES
1952,622044501,51,JCDECAUX FRANCE
18,86280393,42,JOHN DEERE SAS
1004,305154262,42,JULES
1628,444182687,42,JULES VERNE
1955,629857301,42,JUNGHEINRICH FRANCE
1043,312668601,42,KAEFER WANNER
2032,739809226,42,KALHYGE 2
1946,612034496,42,KANTAR
1813,538695040,42,KEM ONE
1877,552111809,42,KEOLIS
1863,552048027,51,KEOLIS LILLE
1018,308077635,51,KEOLIS LYON
1195,340035526,42,KEOLIS RENNES
1743,496680018,51,KERMENE
1321,380744870,42,KFC FRANCE SAS
1230,344103270,51,KIABI EUROPE
1788,521795237,42,KIKO FRANCE
1071,317686061,51,KILOUTOU
1789,523371052,42,KINOUGARDE
1277,352645501,42,KLOECKNER METALS FRANCE
1934,592052302,51,KONE
990,302695614,42,KONICA MINOLTA BUSINESS SOLUTIONS FRANCE
2337,976320309,42,KP1
2193,775726417,52,KPMG
1911,569801897,42,KSB SAS
1733,493191407,51,KUEHNE NAGEL ROAD
1164,333583466,51,KUEHNE+NAGEL
1991,675580542,42,KUHN SA
2180,775693385,51,L'ADAPT
1956,632012100,52,L'OREAL
1024,309064947,42,L'OREAL PRODUITS DE LUXE INTERNATIONAL
1512,421100645,51,LA BANQUE POSTALE
2220,779463223,42,LA BOITE A OUTILS
1080,318906591,42,LA BRIOCHE DOREE
1060,315065292,42,LA FRANCAISE DES JEUX
1478,413151739,51,LA HALLE
1907,562920470,42,LA MERIDIONALE DES BOIS ET MATERIAUX
1649,445331192,51,LA MONDIALE GROUPE
2172,775685340,51,LA MUTUELLE GENERALE
1443,403104250,51,LA PLATEFORME
1289,356000000,53,LA POSTE
1683,477180186,42,LA REDOUTE
2139,775661796,42,LA RENAISSANCE SANITAIRE
2110,775624679,42,LA SAUVEGARDE DU NORD
2116,775629934,51,LA VIE ACTIVE
2166,775683402,42,LA VIE AU GRAND AIR
1247,347902587,42,LABEYRIE
2315,876580077,42,LABORATOIRES DE BIOLOGIE VEGETALE YVES ROCHER
1010,305823296,42,LABORATOIRES M&L
1143,329208771,42,LABOSUD
1906,562880468,42,LACOSTE OPERATIONS
1259,350063384,42,LACTALIS NESTLE ULTRA-FRAIS MARQUES
1484,414815043,42,LAFARGEHOLCIM BETONS
985,302135561,42,LAFARGEHOLCIM CIMENTS
1900,562110882,42,LAFARGEHOLCIM GRANULATS
1837,542095336,42,LAGARDERE TRAVEL RETAIL FRANCE
1567,432513356,51,LANCRY PROTECTION SECURITE
1503,419892336,51,LC FRANCE
1633,444502025,51,LDC SABLE
1483,414728337,42,LE BON MARCHE  MAISON ARISTIDE BOUCICAUT
1821,542035753,42,LE JOINT FRANCAIS
371,200068641,42,LE MURETAIN AGGLO
1502,419695341,42,LEADER PRICE EXPLOITATION
2044,758501001,51,LEGRAND FRANCE
1382,389290586,42,LEGRAND SNC
1267,351713532,42,LEO LAGRANGE SUD OUEST
1365,384560942,53,LEROY MERLIN FRANCE
1299,378158422,42,LES BEGONIAS
1066,315999201,42,LES GRANDS CHAIS DE FRANCE
13,62201009,42,LES LAVANDIERES
1729,491371167,42,LFB BIOMEDICAMENTS
1221,343262622,53,LIDL
1858,552016834,42,LIEBHERR-AEROSPACE TOULOUSE SAS
977,301374690,42,LIEBHERR-FRANCE
1945,609849153,51,LILLY FRANCE
1137,328427075,51,LIMPA NETTOYAGES
1988,672024155,42,LINDT ET SPRUNGLI
1101,322624701,42,LISI AUTOMOTIVE FORMER
1801,530675222,51,LOGISITIQUE FRANCE
1699,479927915,42,LOISIRS EDUCATION & CITOYENNETE GRAND SUD
1692,479048597,51,LOOMIS FRANCE
1660,450776968,51,LOXAM
1796,528570229,51,LPCR GROUPE
1481,414138842,42,LUDENDO COMMERCE FRANCE
1028,309674414,42,LUSTRAL
2324,954507976,51,LYONNAISE DE BANQUE
1912,571722669,42,LYRECO FRANCE
1764,509553459,51,M H C S
1830,542073580,51,MAAF ASSURANCES SA
2231,781452511,52,MACIF
1046,313777997,42,MACO PRODUCTIONS
2328,957503931,52,MAGASINS GALERIES LAFAYETTE
1140,328931613,51,MAIN SECURITE
1642,444798813,42,MAINTENANCE TECHNIQUE OPTIMISEE
2236,782021307,42,MAISON DE SANTE PROTESTANTE BAGATELLE
1339,383196656,51,MAISONS DU MONDE FRANCE
2196,775733835,52,MAJ
1445,403259138,42,MANGO FRANCE
2311,857802508,51,MANITOU BF
1962,632045837,42,MANITOWOC CRANE GROUP FRANCE OU         MCG FRANCE
1560,429955297,51,MANPOWER FRANCE
2306,855200507,53,MANUF FRANC PNEUMATIQ MICHELIN
1250,348674169,51,MARIONNAUD LAFAYETTE
1741,494887854,42,MARS WRIGLEY CONFECTIONERY FRANCE
2007,702023433,42,MAUBEUGE CONSTRUCTION AUTOMOBILE
1444,403206964,42,MAXIMO
2249,784824153,42,MAZARS
1300,378168470,51,MBDA FRANCE
1092,320442726,42,MC CAIN ALIMENTAIRE
1958,632017257,42,MCI
1559,429853351,42,MECACHROME FRANCE
1158,331648014,52,MEDIAPOST
1204,341174118,53,MEDICA FRANCE
1516,421216276,42,MEDOTELS
1933,590800215,51,MERIAL
199,180060030,51,METEO-FRANCE
1423,399315613,52,METRO FRANCE
1268,351745724,52,MEUBLES IKEA FRANCE
1618,441921913,51,MGEN ACTION SANITAIRE ET SOCIALE
1497,418096392,42,MICROMANIA
1134,327733184,42,MICROSOFT FRANCE
1585,434691192,42,MILLIPORE
1597,440048882,52,MMA IARD
1281,353150261,42,MODIS FRANCE
1569,433085149,42,MONDELEZ FRANCE BISCUITS PRODUCTION SAS
1637,444656680,42,MONOP'
1859,552018020,42,MONOPRIX
1872,552083297,53,"MONOPRIX EXPLOITATION, PAR ABREVIATION MPX"
1185,338567258,51,MOTEURS LEROY SOMER
1496,417890589,42,MSD FRANCE
1186,338695869,42,MUREX
192,180044174,42,MUSEUM NATIONAL D HISTOIRE NATURELLE
1622,443577739,42,MUTUALITE FONCTION PUBLIQUE ACTION SANTE SOCIAL
2091,775609621,42,MUTUALITE FRANCAISE ANJOU MAYENNE
2211,777863820,42,MUTUALITE FRANCAISE FINISTERE MORBIHAN
2088,775605462,42,MUTUALITE FRANCAISE LOIRE ATLANTIQUE-SOINS ACCOMP MUTUALISTES-MUTUALITE RETRAITE
2084,775602436,42,MUTUALITE FRANCAISE LOIRE-HAUTE LOIRE
2278,794994277,42,MUTUALITE FRANCAISE NORMANDE SSAM
2185,775701477,52,MUTUELLE ASSURANCE TRAVAILLEUR MUTUALISTE
2147,775665631,42,MUTUELLE ASSURANCES CORPS SANTE FRANCAIS
2173,775685399,51,MUTUELLE GENERALE EDUCATION NATIONALE
1634,444562532,42,MUTUELLE NATIONALE DU BIEN VIEILLIR-MBV
2159,775678584,42,MUTUELLE NATIONALE TERRITORIALE MNT
971,300345808,42,NAF NAF
1011,305874117,51,NATIONALE DE RECHERCHE ET D
1823,542044524,52,NATIXIS
987,302474648,42,NATURALIA FRANCE
1302,378702674,42,NATURE ET DECOUVERTES SA
1617,441133808,53,NAVAL GROUP
1334,382597821,42,NESPRESSO FRANCE
1815,542014428,51,NESTLE FRANCE
984,302079462,42,NESTLE PURINA PETCARE FRANCE
1695,479464166,42,NESTLE WATERS SUPPLY EST
2008,702034398,42,NESTLE WATERS SUPPLY SUD
2265,789485869,42,NEWREST WAGONS-LITS FRANCE
1546,428593230,51,NEXANS FRANCE
1715,487530099,51,NEXITY LAMY
1309,379706344,42,NEXTER SYSTEMS
2128,775644149,42,NICOLLIN SAS
1453,405395518,42,NIKE RETAIL BV
1368,384970786,51,NOCIBE FRANCE DISTRIBUTION
1703,480470152,52,NORAUTO FRANCE
1053,314603051,42,NOVANDIE
1619,442694436,42,NOVARES FRANCE
1469,410349070,51,NOVARTIS PHARMA SAS
1666,451375638,42,NOVO NORDISK PRODUCTION SAS
1122,325821072,51,NTN-SNR ROULEMENTS
2294,811934363,42,NXO FRANCE
1188,339030702,51,O-I FRANCE SAS
1375,388698201,51,OCP REPARTITION
2192,775722879,42,OFF NAT ETUDES RECHERCHES AEROSPATIALES
1439,402254437,42,OFFICE DEPOT FRANCE
184,180034027,42,OFFICE FRANCAIS DE L'IMMIGRATION ET DE L'INTEGRATION
2093,775615313,42,OFFICE HYGIENE SOCIALE M ET M
1832,542076799,52,OGF
1413,398110445,51,OKAIDI
1898,562107003,51,ONET LOGISTIQUE
1373,388035107,42,ONET TECHNOLOGIES TI
1847,546380197,42,ONEY BANK
1326,381031285,51,OPEN
2244,784396079,42,OPERA NATIONAL DE PARIS
1174,335092318,42,ORACLE FRANCE
1315,380129866,53,ORANGE
1136,328006432,42,ORANGE APPLICATIONS FOR BUSINESS
1005,305207169,52,ORANO CYCLE
2298,817439524,42,ORANO PROJETS
1415,398471565,42,ORCHESTRA-PREMAMAN
1096,320955396,42,OREXAD
1433,401251566,53,ORPEA
2048,775544562,51,ORSAC
1843,542107800,51,OTIS
1953,622057594,42,OTUS
2280,801252719,51,OVE
1869,552065187,51,PARFUMS CHRISTIAN DIOR
2152,775671258,42,PARI MUTUEL URBAIN
1322,380885129,42,PARIS AIR CATERING
1237,344810825,51,PARIS HABITAT-OPH
322,200032779,42,PARIS MUSEES
1790,523394724,42,PARKER HANNIFIN MANUFACTURING FRANCE
2313,867800518,42,PAUL GRANDJOUAN SOC ASSAINISSEM COLLECTE
1050,314397670,51,PAULSTRA SNC
1434,401498878,42,PELICAN ROUGE COFFEE SOLUTIONS
2018,712052141,51,PENELOPE SA
1694,479182750,51,PEOPLE AND BABY
972,300571049,42,PETIT FORESTIER LOCATION
1846,542880125,42,PETIT-BATEAU
1115,324501006,42,PHARMA DOM
2250,784939688,52,PICARD SURGELES
1082,319137576,51,PIERRE FABRE DERMO-COSMETIQUE
2027,729800706,42,PLACOPLATRE
1667,451399729,42,PLASTIC OMNIUM AUTO EXTERIEUR
1,16980062,42,POCHET DU COURVAL
2000,695680108,42,POINT P S.A.S.
1861,552044992,52,POMONA
1682,476980321,42,POMONA EPISAVEURS
1891,562036624,51,PONTICELLI FRERES
17,85580983,42,PPG DISTRIBUTION
1675,456204940,42,PRESSE ET EDITION DU SUD OUEST
1222,343286183,42,PREVOIR VIE GROUPE PREVOIR
1928,573680162,42,PREZIOSO LINJEBYGG
1179,338112733,42,PRICEWATERHOUSECOOPERS ADVISORY
1985,672006483,42,PRICEWATERHOUSECOOPERS AUDIT
2271,790858294,51,PRIMARK FRANCE SAS
1752,503314767,51,PRINTEMPS
1406,394164966,51,PRO BTP
1305,379129497,51,PRO IMPEC
1393,391548955,42,PROCTER & GAMBLE AMIENS
1995,685420606,51,PROMOD
1685,477280846,42,PROMOTION DU PRET A PORTER
1402,393379870,51,PROPRETE ENVIRONNEMENT INDUSTRIEL SA
1180,338246317,51,PROSEGUR SECURITE HUMAINE
1404,394026934,51,PROSERVIA
1765,509760948,42,PROTELCO
1246,347849382,42,PROXIMY
1173,334873726,51,PROXISERVE
20,95750311,42,PRYSMIAN CABLES ET SYSTEMES FRANCE
1828,542065479,53,PSA AUTOMOBILES SA
988,302475041,51,PSA RETAIL FRANCE SAS
1091,320441108,42,PUM PLASTIQUES SAS
1760,508321155,42,PV RESIDENCES & RESORTS FRANCE
10,60200128,42,RACCORDS ET PLASTIQUES NICOLL
1883,552124984,42,RADIALL
1579,433999356,51,RANDSTAD
1030,309954006,42,RATIER-FIGEAC
1903,562136036,42,RAZEL-BEC
2331,962501318,42,REEL
1170,334473352,51,RELAIS FNAC
1041,312212301,52,RENAULT RETAIL GROUP
2225,780129987,53,RENAULT SAS
2323,954506077,52,RENAULT TRUCKS
191,180043010,42,RESEAU CANOPE
1525,423032598,42,RESEAU CLUBS BOUYGUES TELECOM
2074,775581242,42,RESILIENCE OCCITANIE
1390,391125796,51,RESTALLIANCE
1027,309304616,51,REXEL FRANCE
1659,450593975,42,RGIS SPECIALISTES EN INVENTAIRE SARL
1951,622037083,51,RHODIA OPERATIONS
2,54800958,42,RICHARDSON
1178,337621841,51,RICOH FRANCE
1920,572067684,51,ROBERT BOSCH FRANCE
1855,552012031,42,ROCHE
1291,357200054,51,ROQUETTE FRERES
1636,444619258,52,RTE RESEAU DE TRANSPORT D ELECTRICITE
1452,404432775,51,S N V
1561,430006643,42,S.N.F. SA
1726,490225737,42,S3M SECURITE
2279,797080850,51,SA EAUX MINERALES EVIAN
1895,562077503,51,SADE - COMPAGNIE GENERALE DE TRAVAUX HYDRAULIQUES
1387,390689529,42,SADEF
1896,562082909,42,SAFRAN
1708,482605771,42,SAFRAN AEROSYSTEMS
1485,414815217,53,SAFRAN AIRCRAFT ENGINES
1612,440513059,51,SAFRAN CERAMICS
979,301501391,42,SAFRAN ELECTRICAL & POWER
1701,480107911,52,SAFRAN ELECTRONICS & DEFENSE
1184,338481955,51,SAFRAN HELICOPTER ENGINES
2016,712019538,51,SAFRAN LANDING SYSTEMS
1271,352050512,51,SAFRAN NACELLES
1770,515450088,42,SAFRAN SEATS
1351,383703873,42,SAFT
1048,313966129,42,SAGE
1960,632039988,42,SAICA PACK FRANCE
2338,998269211,42,SAINT GOBAIN GLASS FRANCE
2043,755802105,51,SAINT GOBAIN PAM
1940,602056749,42,SAINT LOUIS SUCRE
989,302588462,42,SAIPEM SA
1854,552011983,42,SAMADA
5,56502248,42,SAMSE
1551,428689392,52,SAMSIC 1
1550,428685358,53,SAMSIC II
1610,440319101,51,SAMSIC SECURITE
1964,632050019,42,SANEF
1553,428706204,51,SANOFI CHIMIE
1255,349505370,52,SANOFI PASTEUR
2141,775662257,51,SANOFI WINTHROP INDUSTRIE
1448,403335904,51,SANOFI-AVENTIS FRANCE
1449,403335938,51,SANOFI-AVENTIS GROUPE
2019,713002269,51,SANOFI-AVENTIS RECHERCHE ET DEVELOPPEMENT
1128,326578333,42,SANTE ET BIEN ETRE
1310,379821994,42,SAP FRANCE
2334,971201546,42,SATELEC
1189,339379984,52,SAUR
2060,775559719,42,SAUVEGARDE 13
1795,525721189,42,SAVERGLASS
1538,424982650,51,SCC FRANCE
1909,568504161,51,SCHAEFFLER FRANCE
1038,311799456,52,SCHENKER FRANCE
1353,383711678,51,SCHINDLER
1129,326784709,42,SCHMIDT GROUPE
1513,421106709,52,SCHNEIDER ELECTRIC FRANCE
2322,954503439,51,SCHNEIDER ELECTRIC INDUSTRIES SAS
2241,784176026,42,SCOPELEC
1006,305243222,42,SCORE
1239,345006027,42,SECURITAS DIRECT SAS
1001,304497852,53,SECURITAS FRANCE SARL
1023,308973239,42,SECURITAS TRANSPORT AVIATION SECURITY SAS
1810,535406458,42,SEGULA ENGINEERING FRANCE
1809,535318935,51,SEGULA MATRA AUTOMOTIVE
1856,552014201,42,SELECTA
1403,393712286,52,SEPHORA
1258,350050589,51,SEPUR
2261,788213825,52,SERIS SECURITY
1523,421863259,42,SEW USOCOME
1563,431817915,42,SFR BUSINESS DISTRIBUTION
1471,410358865,51,SFR DISTRIBUTION
1918,572059939,42,SIACI SAINT HONORE
1888,562016774,51,SIEMENS S.A.S
1713,484920194,42,SILEC CABLE
1904,562620773,42,SINIAT
1374,388156499,42,SIRCA SNC
2240,783705841,42,SKEMA  BUSINESS SCHOOL
1864,552048837,42,SKF FRANCE
1993,682040837,51,SMAC
1468,410314876,42,SMRC AUTOMOTIVE MODULES FRANCE SAS
1734,493254908,51,SMURFIT KAPPA FRANCE
2291,808332670,53,SNCF
1865,552049447,53,SNCF MOBILITES
1477,412280737,53,SNCF RESEAU
6,56800659,52,SNEF
1135,327917118,42,SNGST
2012,703780247,42,SOBECA
2157,775675739,42,SOC AUTEUR COMPOSITEUR EDITEUR MUSIQUE
2026,722063997,51,SOC DES ATELIERS LOUIS VUITTON
1876,552108722,51,SOC FIDUCIAIRE NATIO EXPERTISE COMPTABLE
2167,775684764,51,SOC MUTUELLE D'ASSURANCE DU BTP
1943,602820011,42,SOC NOISEENNE OUTILLAGE DE PRESSE SNOP
2149,775666530,42,SOC PHILANTHROPIQUE
1994,682780150,42,SOCATA
1505,420495178,53,SOCIETE AIR FRANCE
1251,348901521,51,SOCIETE COMMERCIALE CITROEN
1753,503681801,42,SOCIETE COOPERATIVE AGRICOLE AXEREAL
1547,428611719,42,SOCIETE COOPERATIVE AGRICOLE ET AGRO-ALIMENTAIRE AGRIAL
980,301503231,42,SOCIETE D'ECONOMIE MIXTE DES TRANSPORTS PUBLICS DE L'AGLOMERATION GRENOBLOISE
1127,326521002,42,SOCIETE D'EXPLOITATION PROVENCIA
1652,448457978,51,SOCIETE DE DISTRIBUTION AEROPORTUAIRE
1159,331888990,42,SOCIETE DES MAGASINS LOUIS VUITTON - FRANCE
1716,487596165,42,SOCIETE DES NOUVEAUX HYPERMARCHES
1833,542077755,42,SOCIETE DU FIGARO
1978,662032234,51,SOCIETE ENTRETIEN NETTOYAGE INDUSTRIEL
1262,351005582,51,SOCIETE EUROPEENNE DE VEHICULES LEGERS DU NORD - SEVEL NORD
1216,343059564,52,SOCIETE FRANCAISE DU RADIOTELEPHONE - SFR
1882,552120222,53,SOCIETE GENERALE
3,54806542,42,SOCIETE MARSEILLAISE DE CREDIT
1125,326180544,42,SOCIETE MEDITERRANEENNE DE NETTOIEMENT
1124,326094471,52,SOCIETE NATIONALE DE RADIODIFFUSION RADIO FRANCE
1767,513634808,42,SOCIETE NOUVELLEWM EN ABREGE 'WM'
1296,377714654,42,SOCIETE OUEST FRANCE
1058,315000943,51,SOCIETE POUR L'INFORMATIQUE INDUSTRIELLE
1085,319851408,51,SOCIETE VEHICULES AUTOMOBILES BATILLY
2080,775591563,51,SOCIETE VITREENNE D'ABATTAGE
1851,548500149,42,SOCOMEC
1762,508513785,52,SOCOPA VIANDES
1817,542016654,51,SOCOTEC FRANCE
1778,519780795,51,SOCULTUR
1183,338253230,52,SODEXO ENTREPRISES
1181,338253081,52,SODEXO SANTE MEDICO SOCIAL
1624,443782784,42,SOFEDIT
19,86380730,42,SOGECAP
2254,785433814,42,SOGEPARK
1921,572102176,51,SOGERES
1700,479942583,52,SOGETI FRANCE
1411,397767831,51,SOGETREL
1629,444212955,51,SOLOCAL
998,303970230,42,SOMFY ACTIVITES SA
1661,450792999,42,SOPRA BANKING SOFTWARE
1130,326820065,53,SOPRA STERIA GROUP
1714,485197552,42,SOPREMA ENTREPRISES
1519,421320268,42,SOURIAU
1827,542064175,42,SPAC
1730,491372702,51,SPBI
1521,421363979,42,SPEEDY FRANCE SAS
1582,434085395,51,SPIE CITYNETWORKS
1599,440056026,42,SPIE EST
1814,538700022,51,SPIE FACILITIES
1081,319060075,42,SPIE ICS
1600,440056182,51,SPIE ILE DE FRANCE NORD OUEST
1598,440055861,42,SPIE INDUSTRIE & TERTIAIRE
1981,662049287,42,SPIE NUCLEAIRE
1602,440056463,42,SPIE SUD-OUEST
1263,351164488,42,SPODIS SA
1287,353861909,42,SQLI
2264,789367174,42,STANLEY SECURITY FRANCE
1647,445330103,42,STARBUCKS COFFEE FRANCE
1121,325720720,42,STAUBLI FAVERGES
1055,314684960,51,STE D'ECONOMIE MIXTE DES TRANSPORTS EN COMMUN DE L'AGGLOMERATION NANTAISE SEMITAN
2215,778127613,51,STELIA AEROSPACE
1414,398372615,42,STEM PROPRETE
1425,399395581,51,STMICROELECTRONICS (CROLLES 2) SAS
1757,504941337,42,STMICROELECTRONICS (GRENOBLE 2) SAS
1323,380932590,42,STMICROELECTRONICS (TOURS) SAS
1489,414969584,51,STMICROELECTRONICS ROUSSET SAS
1206,341459386,42,STMICROELECTRONICS SA
1361,384343620,51,STN
1187,338880180,42,STOCK J BOUTIQUE JENNYFER
1072,317780062,51,STOKOMANI
1463,410034607,52,SUEZ EAU FRANCE
1976,662014489,42,SUEZ RV ILE-DE-FRANCE
1756,504726787,42,SUEZ RV NORD EST
2255,785480351,52,SUPERMARCHES MATCH
1209,341785632,42,SWISSLIFE ASSURANCE ET PATRIMOINE
1148,329925010,42,SYNERGIE
1623,443716832,42,SYNGENTA FRANCE SAS
1067,316807015,51,SYSCO FRANCE SAS
2312,867800427,51,SYSTEME U OUEST
1372,387949530,51,SYSTRA
1212,342404399,42,T D F
1680,470500943,42,TAPIS SAINT MACLOU
2304,829887454,42,TATI MAG
1394,391637865,51,TECHNIP FRANCE
2024,722045879,42,TECHNIQUE ENERGIE ATOMIQUE - TECHNICATOME
981,301520920,42,TEFAL
1282,353380793,51,TELEPERFORMANCE  FRANCE
1126,326300159,42,TELEVISION FRANCAISE 1
1407,394342174,42,TEMPS DE VIE (DEVELOPPEMENT DES EQUIPTS
1805,533247979,42,TEREOS FRANCE
1580,434004198,42,TEREVA
1899,562110346,42,TERREAL
1558,429707292,42,TERRENA
1866,552059024,42,THALES
1482,414725101,51,THALES ALENIA SPACE FRANCE
1949,612039495,51,THALES AVS FRANCE SAS
1901,562113530,51,THALES DIS FRANCE SA
1347,383475092,51,THALES DMS FRANCE SAS
1083,319159877,51,THALES LAS FRANCE SAS
1345,383470937,52,THALES SIX GTS FRANCE SAS
1514,421110198,51,THIRIET DISTRIBUTION
1308,379587900,51,THOM
2021,722024742,51,THYSSENKRUPP ASCENSEURS
1965,632050191,42,TIMAC AGRO
1785,520807876,51,TISSEO
1078,318883238,51,TNT EXPRESS NATIONAL
1223,343321618,42,TORANN-FRANCE
1802,531680445,42,TOTAL MARKETING FRANCE
1557,428891113,42,TOTAL PETROCHEMICALS FRANCE
1798,529221749,51,TOTAL RAFFINAGE FRANCE
1824,542051180,52,TOTAL SA
2330,957526858,51,TOUPARGEL
1507,420559056,51,TOYOTA MOTOR MANUFACTURING FRANCE
1243,345404156,42,TOYS R US
1348,383607090,51,TRANSDEV ILE DE FRANCE
1578,433927332,51,TRANSGOURMET OPERATIONS
1057,314871815,42,TRANSPORTS AGGLOMERATION DE MONTPELLIER
1026,309073625,42,TRANSPORTS COMMUNS AGGLOMERATION ROUEN
1910,569200959,42,TRANSPORTS G GAUTIER
1691,478951080,42,TRIOMPHE SECURITE
2068,775576986,42,TRISKALIA
2308,855802369,42,TROUILLARD SA
1154,331089474,42,TUI FRANCE
2277,794846501,42,U R S S A F RHONE ALPES
2293,810146563,51,U-LOGISTIQUE
2162,775682040,42,UCPA SPORT VACANCES
2199,776042210,42,UFIFRANCE PATRIMOINE
1552,428692008,42,UGECAM BRPL
1527,423628262,42,UGECAM HAUTS DE FRANCE
1534,424596492,42,UGECAM OCCITANIE
1474,410436158,42,UGITECH
1446,403259534,42,UMANIS
1881,552119216,42,UNILEVER FRANCE
2200,776056467,42,UNION DES GROUPEMENTS D'ACHATS PUBLICS
1750,501735328,42,UNION MUT GESTION GROUPE HOSP MUTUALISTE DE GRENOBLE
2284,803247956,42,UPSA SAS
2262,788617793,51,URSSAF ILE DE FRANCE
1867,552062648,42,USP NETTOYAGE
1492,415550284,42,V. MANE FILS
2326,955500293,51,VALEO EQUIPEMENTS ELECTRIQUES MOTEUR
1211,342192150,42,VALEO SYSTEMES D ESSUYAGE
1693,479162695,42,VALEO SYSTEMES DE CONTROLE MOTEUR
1156,331312108,51,VALEO SYSTEMES THERMIQUES
2320,950344333,51,VALEO VISION
1973,652044991,42,VALLOUREC TUBES FRANCE
1583,434317293,51,VENTE PRIVEE.COM
1914,572025526,52,VEOLIA EAU - COMPAGNIE GENERALE DES EAUX
1791,524334943,42,VEOLIA EAU D'ILE DE FRANCE SNC
2022,722034592,42,VERALLIA FRANCE
1207,341633725,42,VERTDIS
1099,322424342,51,VETIR
1217,343088134,42,VINCI CONSTRUCTION GRANDS PROJETS
1160,332332386,51,VINDEMIA DISTRIBUTION
1494,417350311,42,VIRBAC
1539,425039773,42,VITALAIRE
1662,451053383,51,VITALLIANCE
2155,775672454,42,VIVRE ET DEVENIR VILLEPINTE - SAINT-MICHEL
89,130017791,51,VOIES NAVIGABLES DE FRANCE
1306,379134166,42,VOLVO TRUCKS FRANCE
1524,422101535,51,VORTEX
1950,622028777,42,VORWERK FRANCE
1702,480266014,42,VYV CARE ILE DE FRANCE
1295,377550249,42,WAVESTONE
1303,378901946,51,WORLDLINE
1984,668502966,42,WURTH FRANCE
1340,383242161,51,XPO DISTRIBUTION FRANCE
1304,378992895,51,XPO SUPPLY CHAIN FRANCE
1616,440767549,42,YOPLAIT FRANCE
1253,348991555,52,ZARA FRANCE
1625,443918776,42,ZEEMAN TEXTIELSUPERS
1288,354500225,42,ZIEGLER FRANCE SA
2183,775694995,42,ZODIAC AERO ELECTRIC
1967,639804384,42,ZODIAC AEROTECHNICS
