PricelessT1285,RT @Bakari_Sellers: ‚ÄúModest‚Äù https://t.co/Cy22B2xCbi,2019-09-26 12:55:36,0
User Name,Text,Date,RT Count
sarrmoctar,"F√©licitations, l'un des acteurs qui a le plus de pertinence et m√©rite d'√™tre renforc√© financi√®rement. Il est diific‚Ä¶ https://t.co/fCTPUBc9yn",2019-09-26 12:58:23,0
fidh_fr,"@BNPParibas est √©galement accus√©e de crimes financiers incluant recel et blanchiment d‚Äôargent. 
En permettant √† la‚Ä¶ https://t.co/cFMctnopA0",2019-09-26 12:58:23,0
AsiaNews_FR,"En #Chine üá®üá≥ , le tabou ultime: poss√©der votre terre. Dans cette article @iandenisjohnson pour le @nytimesworld exp‚Ä¶ https://t.co/M720iJk6gB",2019-09-26 12:58:43,0
OlivierPETAVY,Merci aux √©quipes Renault France #RenaultParcEntreprises pour leur pr√©sence sur le parvis d‚ÄôArval BNP Paribas Group‚Ä¶ https://t.co/hT5Xd6mvB9,2019-09-26 12:59:04,0
MacronWorld,"RT @HeleneLeGal: Le Pr√©sident Jacques Chirac restera dans nos m√©moires comme un homme de paix et de dialogue, d‚Äôune lucidit√© historique aig‚Ä¶",2019-09-26 12:59:14,0
LESPER_France,"üö©Rencontre des Correspondants R√©gionaux de @LESPER_France 
@mgen_06 @MGEN54 @UNEF @56Mgen @Prevention_MAIF @MAIF‚Ä¶ https://t.co/pmYwN6oYTT",2019-09-26 12:59:27,0
VinMotin,Un pr√©sident √©lev√© √† la culture rurale. https://t.co/dUVpLJW7vV,2019-09-26 12:59:28,0
lignesdazur,"‚ö†Ô∏è Infos r√©seau ! En raison du match ‚öΩÔ∏è OGCNice / Lille, la ligne 69 est d√©vi√©e le samedi 28 septembre 2019 de 17h0‚Ä¶ https://t.co/2qOLL15YeA",2019-09-26 12:59:27,0
Ressourc_ESS,"RT @LESPER_France: üö©Rencontre des Correspondants R√©gionaux de @LESPER_France 
@mgen_06 @MGEN54 @UNEF @56Mgen @Prevention_MAIF @MAIF @groupe‚Ä¶",2019-09-26 12:59:38,0
leakulinowski,#BNP Paribas vis√© par une plainte pour ¬´crimes contre l'humanit√©¬ª au #Soudan @expediteJustice https://t.co/cJBdNrCQGe,2019-09-26 12:59:41,0
luciani_sutra,"RT @lauraluciani_m: üîùN‚Äôh√©sitez pas √† nous contacter! 
#Loipacte #Epargne #Retraite #PER #Madelin https://t.co/2TQplnaYdw",2019-09-26 12:59:41,0
User Name,Text,Date,RT Count
blackosiris242,RT @Ecofin_Finance: S√©n√©gal¬†: la BAD approuve 22 millions d‚Äôeuros √† la BNDE pour soutenir les PME et la cr√©ation d‚Äôemplois en zone rurale:‚Ä¶,2019-09-26 13:00:10,0
ExpediteJustice,RT @leakulinowski: #BNP Paribas vis√© par une plainte pour ¬´crimes contre l'humanit√©¬ª au #Soudan @expediteJustice https://t.co/cJBdNrCQGe,2019-09-26 13:00:31,0
Ahmedjlb,"RT @HeleneLeGal: Le Pr√©sident Jacques Chirac restera dans nos m√©moires comme un homme de paix et de dialogue, d‚Äôune lucidit√© historique aig‚Ä¶",2019-09-26 13:00:32,0
klochette2009,Archive twitter flux// Est ce que tous les flux des mots qui sont v√©hicul√©s par les m√©dias sont la r√©alit√© ? Est ce‚Ä¶ https://t.co/9juIfZ0PLk,2019-09-26 13:00:39,0
User Name,Text,Date,RT Count
geronimoxe,RT @eaubio: Suicides chez les agriculteurs. La Coordination rurale Normandie accuse https://t.co/ITh1YwF0zd,2019-09-27 07:18:00,0
ShamoBankiva66,"RT @PigeonEnchaine: #affaireapollonia
Quelle est cette R√©publique o√π les victimes r√©clament justice depuis 5 ans √† un juge d‚Äôinstruction qu‚Ä¶",2019-09-27 07:18:14,0
EAndreassian,"RT @Sportmagfr: Directeur r√©gional de l'@UNSSParis, Christophe Norcini revient sur les particularit√©s de la #JNSS2019, plac√©e sous le signe‚Ä¶",2019-09-27 07:18:24,0
syaume,"RT @petaramesh: √âtonnant, je n'ai pas encore vu le communiqu√© gouvernemental cocoricotant et patriotique annon√ßant qu'on va envoyer les gam‚Ä¶",2019-09-27 07:19:12,0
Guerleom,"RT @menalahy: ""Le groupe bancaire est d√©j√† vis√© par une information judiciaire pour complicit√© de g√©nocide et de crimes contre l‚Äôhumanit√© a‚Ä¶",2019-09-27 07:19:35,0
Sam_hanryon,"RT @LEXPRESS: BNP Paribas vis√©e par une plainte pour ""complicit√© de crimes contre l'humanit√©"" au Soudan https://t.co/oFtl8WBtmQ",2019-09-27 07:19:41,0
whitemike00,@MAIF @LibrementVotre @MAIF le mal est fait un peu tard non ? En IT on licencie illico pour ce genre de faute grave.,2019-09-27 07:19:46,0
AminLocoLoco,"RT @HeleneLeGal: Le Pr√©sident Jacques Chirac restera dans nos m√©moires comme un homme de paix et de dialogue, d‚Äôune lucidit√© historique aig‚Ä¶",2019-09-27 07:19:50,0
User Name,Text,Date,RT Count
