siren,trancheEffectifsUniteLegale,denominationUniteLegale
16250029,51,APRR
16980062,42,POCHET DU COURVAL
54800958,42,RICHARDSON
54806542,42,SOCIETE MARSEILLAISE DE CREDIT
56501711,42,BECTON DICKINSON FRANCE
56502248,42,SAMSE
56800659,52,SNEF
57802753,42,COMASUD
58801481,51,BANQUE POPULAIRE MEDITERRANEE
59804062,51,REGIE DES TRANSPORTS METROPOLITAINS
60200128,42,RACCORDS ET PLASTIQUES NICOLL
60801388,51,ENTREPRISE H. REINIER
61500245,42,CATERPILLAR FRANCE SAS
62201009,42,LES LAVANDIERES
64502636,51,ATOS INFOGERANCE
67800425,53,ONET SERVICES
71502397,51,FAURECIA INTERIEUR INDUSTRIE
85580983,42,PPG DISTRIBUTION
86280393,42,JOHN DEERE SAS
86380730,42,SOGECAP
95750311,42,PRYSMIAN CABLES ET SYSTEMES FRANCE
110000023,51,SENAT
110000270,42,CONSEIL D'ETAT
110010014,42,MINISTERE DE LA JUSTICE
110090016,42,MINISTERE DES ARMEES
120006010,42,DIRECTION GENERALE DE L'ADMINISTRATION ET DE LA MODERNISATION
120006051,42,DIRECTION DES FRANCAIS A L ETRANGER ET DE L ADMINISTRATION CONSULAIRE
120015011,42,DIRECTION GENERALE DE LA POLICE NATIONALE
120015029,51,DIR ADMINISTRATION POLICE NATIONALE
120015144,42,SERVICE DE LA PROTECTION
120020011,42,DIRECTION DES RESSOURCES HUMAINES DES MINISTERES ECONOMIQUES ET FINANCIERS
120027016,52,INSTITUT NATIONAL DE LA STATISTIQUE ET DES ETUDES ECONOMIQUES
120064027,42,DIRECTION DES SERVICES DE LA NAVIGATION AERIENNE
130001530,42,DIRECTION INTERDEPARTEMENTALE DES ROUTES EST
130002884,42,ECOLE NATIONALE DES TRAVAUX PUBLICS DE L'ETAT
130003627,42,ECOLE DES HAUTES ETUDES EN SANTE PUBLIQUE
130003742,51,CENTRE NATIONAL GESTION PRATICIENS HOSPITALIERS PERSONNELS DIRECTION
130004278,51,INSTITUT SUPERIEUR DE L'AERONAUTIQUE ET DE L'ESPACE
130004955,51,DIRECTION GENERALE DES FINANCES PUBLIQUES
130005457,51,UNIVERSITE DE STRASBOURG
130005481,53,POLE EMPLOI
130006364,42,ETABLISSEMENT NATIONAL DES PRODUITS DE L AGRICULTURE ET DE LA MER FRANCEAGRIMER
130006372,51,AGENCE DE SERVICES ET DE PAIEMENT
130006570,42,DIRECTION REGIONALE DE L'ENVIRONNEMENT DE L'AMENAGEMENT ET DU LOGEMENT HAUTS-DE-FRANCE
130006729,42,DIRECTION REGIONALE DE L'ENVIRONNEMENT DE L'AMENAGEMENT ET DU LOGEMENT AUVERGNE-RHONE-ALPES
130007230,42,DIRECTION DEPARTEMENTALE FINANCES PUBLIQUES HERAULT
130007255,51,DIRECTION REGIONALE FINANCES PUBLIQUES HAUTS-DE-FRANCE ET DEPARTEMENT NORD
130007297,51,DIRECTION DEPARTEMENTALE FINANCES PUBLIQUES HAUTS DE SEINE
130008014,42,AGENCE REGIONALE SANTE ILE DE FRANCE
130008071,42,AGENCE REGIONALE DE SANTE AUVERGNE-RHONE-ALPES
130008121,42,ECOLE NORMALE SUPERIEURE DE LYON
130008352,51,DIRECTION REGIONALE FINANCES PUBLIQUES OCCITANIE ET DEPARTEMENT HAUTE GARONNE
130008360,42,DIRECTION REGIONALE FINANCES PUBLIQUES NORMANDIE ET DEPARTEMENT SEINE MARITIME
130008386,42,DIRECTION DEPARTEMENTALE FINANCES PUBLIQUES ALPES MARITIMES
130008410,42,DIRECTION DEPARTEMENTALE FINANCES PUBLIQUES PAS DE CALAIS
130008451,42,DIRECTION DEPARTEMENTALE FINANCES PUBLIQUES ESSONNE
130008469,42,DIRECTION DEPARTEMENTALE FINANCES PUBLIQUES VAL DE MARNE
130009921,42,DIRECTION REGIONALE DE LA CONCURRENCE CONSOMMATION TRAVAIL ET EMPLOI AUVERGNE-RHONE-ALPES
130010036,51,DIRECTION REGIONALE FINANCES PUBLIQUES AUVERGNE-RHONE-ALPES ET DEPARTEMENT RHONE
130010259,42,DIRECTION REGIONALE DE L'ENVIRONNEMENT DE L'AMENAGEMENT ET DU LOGEMENT GRAND EST
130010416,42,DIRECTION REGIONALE DE LA CONCURRENCE CONSOMMATION TRAVAIL ET EMPLOI NOUVELLE-AQUITAINE
130010457,42,DIRECTION REGIONALE DE L'ENVIRONNEMENT DE L'AMENAGEMENT ET DU LOGEMENT NOUVELLE-AQUITAINE
130011042,42,DIRECTION REGIONALE FINANCES PUBLIQUES NOUVELLE-AQUITAINE ET DEPARTEMENT GIRONDE
130011075,42,DIRECTION DEPARTEMENTALE FINANCES PUBLIQUES SEINE ST DENIS
130011935,42,SECRETARIAT GENERAL DES MINISTERES DE L'EDUCATION NATIONALE ET DE L'ENSEIGNEMENT SUPERIEUR ET DE LA RECHERCHE
130012024,42,AGENCE NATIONALE DE SECURITE SANITAIRE DE L ALIMENTATION DE L ENVIRONNEMENT ET DU TRAVAIL
130012354,42,DIRECTION REGIONALE ET INTERDEPARTEMENTALE EQUIPEMENT ET AMENAGEMENT REGION ILE DE FRANCE
130012370,42,DIRECTION REGIONALE DE LA CONCURRENCE CONSOMMATION TRAVAIL ET EMPLOI ILE-DE-FRANCE
130012495,51,DIRECTION REGIONALE FINANCES PUBLIQUES ILE DE FRANCE ET DEPARTEMENT PARIS
130012610,42,SECRETARIAT GENERAL DU MINISTERE DE L'AGRICULTURE ET DE L'ALIMENTATION
130012636,42,DIRECTION DEPARTEMENTALE FINANCES PUBLIQUES MOSELLE
130012834,42,DIRECTION DEPARTEMENTALE FINANCES PUBLIQUES SEINE ET MARNE
130012859,42,DIRECTION DEPARTEMENTALE FINANCES PUBLIQUES VAL D'OISE
130012925,42,DIRECTION REGIONALE FINANCES PUBLIQUES PAYS DE LA LOIRE ET DEPARTEMENT LOIRE ATLANTIQUE
130012933,42,DIRECTION REGIONALE FINANCES PUBLIQUES GRAND EST ET DEPARTEMENT BAS RHIN
130013006,42,ECOLE NATIONALE DES FINANCES PUBLIQUES
130013030,51,DIRECTION REGIONALE FINANCES PUBLIQUES PROVENCE ALPES COTE D'AZUR ET DEPARTEMENT BOUCHES DU RHONE
130013220,42,DIRECTION DEPARTEMENTALE FINANCES PUBLIQUES FINISTERE
130013311,42,DIRECTION DEPARTEMENTALE FINANCES PUBLIQUES VAR
130013345,42,SECRETARIAT GENERAL DES MINISTERES ECONOMIQUES ET FINANCIERS
130013428,42,INSTITUT FRANCAIS DES SCIENCES ET TECHNOLOGIES DES TRANSPORTS DE L'AMENAGEMENT ET DES RESEAUX
130014756,42,DIRECTION DEPARTEMENTALE FINANCES PUBLIQUES HAUTE-SAVOIE
130014764,42,DIRECTION DEPARTEMENTALE FINANCES PUBLIQUES ISERE
130014939,42,DIRECTION REGIONALE FINANCES PUBLIQUES DE BRETAGNE ET DEP ILLE-ET-VILAINE
130014947,51,DIRECTION DEPARTEMENTALE FINANCES PUBLIQUES YVELINES
130015332,52,UNIVERSITE D'AIX MARSEILLE
130015506,52,UNIVERSITE DE LORRAINE
130016538,51,MINISTERE DES SOLIDARITES ET DE LA SANTE
130017270,51,CHAMBRE DE COMMERCE ET D INDUSTRIE DE REGION PARIS ILE DE FRANCE
130017791,51,VOIES NAVIGABLES DE FRANCE
130018310,51,CENTRE D'ETUDES ET D'EXPERTISE SUR LES RISQUES L'ENVIRONNEMENT LA MOBILITE ET L'AMENAGEMENT
130018351,52,UNIVERSITE DE BORDEAUX
130019540,42,SECRETARIAT GENERAL DU MINISTERE DE LA TRANSITION ECOLOGIQUE ET SOLIDAIRE
130020332,42,SECRETARIATS GENERAUX POUR L'ADMINISTRATION DU MINISTERE DE L'INTERIEUR
130020357,42,SECRETARIATS GENERAUX POUR L'ADMINISTRATION DU MINISTERE DE L'INTERIEUR
130020365,51,SECRETARIAT GENERAL POUR L'ADMINISTRATION DU MINISTERE DE L'INTERIEUR OUEST
130020548,51,UNIVERSITE DE MONTPELLIER
130021397,52,UNIVERSITE GRENOBLE ALPES
130021645,42,CHAMBRE DE COMMERCE ET D'INDUSTRIE DE REGION NORMANDIE
130022494,42,CHAMBRE DE COMMERCE ET D'INDUSTRIE DE REGION NOUVELLE-AQUITAINE
130022668,42,CHAMBRE DE COMMERCE ET D'INDUSTRIE DE REGION GRAND EST
130022692,51,CHAMBRE DE COMMERCE ET D'INDUSTRIE DE REGION AUVERGNE-RHONE-ALPES
130022718,42,CHAMBRE DE COMMERCE ET D'INDUSTRIE DE REGION HAUTS-DE-FRANCE
130022775,51,UNIVERSITE CLERMONT AUVERGNE
170600019,42,PREFECTURE DES ALPES MARITIMES
170601512,42,DIR DEP SECURITE PUBLIQUE
171300015,42,PREFECTURE DU DEP DES BOUCHES DU RHONE
171301112,51,COUR D'APPEL D'AIX EN PROVENCE
171301203,51,DIRECTION INTERREGIONALE DES SERVICES PENITENTIAIRES MARSEILLE - SUD-EST
171301518,51,DIR DEP SECURITE PUBLIQUE
171301534,51,DIRECTION ZONALE DES CRS SUD
171301542,42,DIRECTION ZONALE DE LA POLICE AUX FRONTIERES SUD
171304314,42,DIRECTION DES SERVICES DEPARTEMENTAUX DE L'EDUCATION NATIONALE DES BOUCHES-DU-RHONE
172101206,51,DIRECTION INTERREGIONALE DES SERVICES PENITENTIAIRES DIJON - GRAND-CENTRE
173101205,51,DIRECTION INTERREGIONALE DES SERVICES PENITENTIAIRES TOULOUSE - SUD
173101510,42,DIRECTION DEPARTEMENTALE SECURITE PUBLIQUE HAUTE GARONNE
173104308,42,ACADEMIE DE TOULOUSE
173301110,42,COUR D'APPEL DE BORDEAUX
173301201,51,DIRECTION INTERREGIONALE DES SERVICES PENITENTIAIRES BORDEAUX - SUD-OUEST
173301516,51,DIRECTION DEPARTEMENTALE SECURITE PUBLIQUE DE LA GIRONDE
173301532,42,DIRECTION ZONALE DES CRS SUD-OUEST
173304312,42,DIRECTION DES SERVICES DEPARTEMENTAUX DE L'EDUCATION NATIONALE DE LA GIRONDE
173401118,42,COUR D'APPEL DE MONTPELLIER
173401514,42,DIR DEP SECURITE PUBLIQUE
173501115,42,COUR D APPEL DE RENNES
173501206,51,DIRECTION INTERREGIONALE DES SERVICES PENITENTIAIRES RENNES - GRAND-OUEST
173501511,42,DIR DEP SECURITE PUBLIQUE
173804311,42,DIRECTION DES SERVICES DEPARTEMENTAUX DE L'EDUCATION NATIONALE DE L'ISERE
174201517,42,DIR DEP SECURITE PUBLIQUE
174401513,42,DIR DEP SECURITE PUBLIQUE
175401512,42,DIR DEP SECURITE PUBLIQUE
175404318,42,DIRECTION DES SERVICES DEPARTEMENTAUX DE L EDUCATION NATIONALE DE LA MEURTHE ET MOSELLE
175701515,42,DIR DEP SECURITE PUBLIQUE
175701531,51,DIRECTION ZONALE DES CRS EST
175704311,42,DIRECTION DES SERVICES DEPARTEMENTAUX DE L EDUCATION NATIONALE DE LA MOSELLE
175901115,42,COUR D'APPEL DE DOUAI
175901206,52,DIRECTION INTERREGIONALE DES SERVICES PENITENTIAIRES LILLE - GRAND-NORD
175901511,52,DIR DEP SECURITE PUBLIQUE
175901537,42,DIRECTION ZONALE DES CRS NORD
175904309,42,ACADEMIE DE LILLE
175904317,51,DIRECTION DES SERVICES DEPARTEMENTAUX DE L EDUCATION NATIONALE DU NORD
176201515,51,DIR DEP SECURITE PUBLIQUE
176204311,51,DIRECTION DES SERVICES DEPARTEMENTAUX DE L EDUCATION NATIONALE DU PAS DE CALAIS
176401511,42,DIRECTION DEPARTEMENTALE SECURITE PUBLIQUE PYRENEES ATLANTIQUES
176701209,51,DIRECTION INTERREGIONALE DES SERVICES PENITENTIAIRES STRASBOURG - GRAND-EST
176701514,42,DIR DEP SECURITE PUBLIQUE
176801116,42,COUR D'APPEL DE COLMAR
176901114,42,COUR D APPEL DE LYON
176901205,51,DIRECTION INTERREGIONALE DES SERVICES PENITENTIAIRES LYON - CENTRE-EST
176901510,51,DIR DEP SECURITE PUBLIQUE
176901536,42,DIRECTION ZONALE DES CRS SUD-EST
176904316,42,DIRECTION DES SERVICES DEPARTEMENTAUX DE L EDUCATION NATIONALE DU RHONE
177501111,52,COUR D APPEL DE PARIS
177501517,53,PREFECTURE DE POLICE DE PARIS
177502259,42,DIRECTION DES IMPOTS DES NON RESIDENTS
177504305,51,ACADEMIE DE PARIS
177601515,42,DIR DEP SECURITE PUBLIQUE SEINE MARITIME
177604311,42,DIRECTION DES SERVICES DEPARTEMENTAUX DE L EDUCATION NATIONALE DE LA SEINE MARITIME
177701513,51,DIR DEP SECURITE PUBLIQUE
177704319,51,DIRECTION DES SERVICES DEPARTEMENTAUX DE L EDUCATION NATIONALE DE LA SEINE ET MARNE
177801115,42,COUR D APPEL DE VERSAILLES
177801511,51,DIRECTION DEPARTEMENTALE SECURITE PUBLIQUE YVELINES
177801537,51,DIRECTION ZONALE DES CRS PARIS
177804309,42,ACADEMIE DE VERSAILLES
177804317,42,DIRECTION DES SERVICES DEPARTEMENTAUX DE L EDUCATION NATIONALE DES YVELINES
178300018,42,PREFECTURE DU VAR
179100029,51,MISSION DES SERVICES PENITENTIAIRES DE L'OUTRE-MER
179101316,42,DIRECTION TERRITORIALE PROTECTION JUDICIAIRE JEUNESSE ESSONNE
179101514,51,DIR DEP SECURITE PUBLIQUE
179104310,42,DIRECTION DES SERVICES DEPARTEMENTAUX DE L EDUCATION NATIONALE DE L ESSONNE
179204318,42,DIRECTION DES SERVICES DEPARTEMENTAUX DE L EDUCATION NATIONALE DES HAUTS DE SEINE
179304316,51,DIRECTION DES SERVICES DEPARTEMENTAUX DE L EDUCATION NATIONALE DE LA SEINE SAINT DENIS
179401203,51,DIRECTION INTERREGIONALE DES SERVICES PENITENTIAIRES PARIS - ILE-DE-FRANCE
179404306,42,ACADEMIE DE CRETEIL
179404314,42,DIRECTION DES SERVICES DEPARTEMENTAUX DE L EDUCATION NATIONALE DU VAL DE MARNE
179501515,51,DIR DEP POLICES URBAINES DU VAL D OISE
179501549,51,DIRECTION DE LA POLICE AUX FRONTIERES
179502307,42,DIRECTION INTERREGIONALE DE PARIS-AEROPORTS
179504311,42,DIRECTION DES SERVICES DEPARTEMENTAUX DE L EDUCATION NATIONALE DU VAL D OISE
179741517,42,DIR DEP SECURITE PUBLIQUE DE LA REUNION
179744305,42,ACADEMIE DE LA REUNION RECTORAT
180006025,42,INSTITUT DE RECHERCHE POUR LE DEVELOPPEMENT
180014045,51,CENTRE NATIONAL DE LA FONCTION PUBLIQUE TERRITORIALE
180020026,52,CAISSE DES DEPOTS ET CONSIGNATIONS
180034027,42,OFFICE FRANCAIS DE L'IMMIGRATION ET DE L'INTEGRATION
180035024,53,CAISSE NATIONALE DE L'ASSURANCE MALADIE
180035032,51,CAISSE NATIONALE D'ASSURANCE VIEILLESSE DES TRAVAILLEURS SALARIES
180035065,42,CAISSE NATIONALE DES ALLOCATIONS FAMILIALES
180036048,52,INSTITUT NATIONAL DE LA SANTE ET DE LA RECHERCHE MEDICALE
180036063,42,ETS PUBLIC NATIONAL A KOENIGSWARTER
180036113,42,AGENCE NATIONALE DE SECURITE DU MEDICAMENT ET DES PRODUITS DE SANTE
180043010,42,RESEAU CANOPE
180044174,42,MUSEUM NATIONAL D HISTOIRE NATURELLE
180046013,51,CENTRE DES MONUMENTS NATIONAUX
180046021,42,CENTRE NATIONAL D'ART ET DE CULTURE GEORGES POMPIDOU
180046039,42,CENTRE NATIONAL DU CINEMA ET DE L'IMAGE ANIMEE
180046237,51,ETABLISSEMENT PUBLIC DU MUSEE DU LOUVRE
180046252,51,BIBLIOTHEQUE NATIONALE DE FRANCE
180046260,42,ETABLISSEMENT PUBLIC DU CHATEAU DU MUSEE ET DU DOMAINE NATIONAL DE VERSAILLES
180060030,51,METEO-FRANCE
180067019,42,INSTITUT NATIONAL DE L'INFORMATION GEOGRAPHIQUE ET FORESTIERE
180070013,42,INSTITUT NATIONAL DE RECHERCHE EN SCIENCES ET TECHNOLOGIES POUR L'ENVIRONNEMENT ET L'AGRICULTURE
180070039,53,INSTITUT NATIONAL DE LA RECHERCHE AGRONOMIQUE
180073017,42,OFFICE NATIONAL DE LA CHASSE ET DE LA FAUNE SAUVAGE
180089013,53,CENTRE NATIONAL DE LA RECHERCHE SCIENTIFIQUE
180089047,51,INSTITUT NATIONAL DE RECHERCHE EN INFORMATIQUE ET EN AUTOMATIQUE
180090060,42,INSTITUTION GESTION SOCIALE DES ARMEES
180092025,51,INSTITUT MINES TELECOM
180092199,51,ECOLE NATIONALE D'ADMINISTRATION PENITENTIAIRE
180092264,51,INSTITUT NATIONAL DE RECHERCHES ARCHEOLOGIQUES PREVENTIVES
180092595,42,ETS PUBLIC D'INSERTION DE LA DEFENSE
181300013,42,CHAMBRE DE COMMERCE ET D INDUSTRIE DE REGION PROVENCE-ALPES-COTE D AZUR
183500040,42,CHAMBRE DE COMMERCE ET D'INDUSTRIE DE REGION BRETAGNE
184401289,42,CHAMBRE DE COMMERCE ET D INDUSTRIE DE REGION PAYS DE LA LOIRE
190609313,51,UNIVERSITE DE NICE
191300482,42,LYCEE POLYVALENT ST EXUPERY
191332063,42,LYCEE GENERAL ET TECHNOLOG VAUVENARGUES
191414085,51,UNIVERSITE DE CAEN NORMANDIE
191700327,42,UNIVERSITE DE LA  ROCHELLE
192112373,51,UNIVERSITE DIJON BOURGOGNE
192116606,42,ECOLE NATIONALE DES GREFFES
192512150,51,UNIVERSITE DE BESANCON
192900710,42,LYCEE DES METIERS  YVES THEPOT
192903466,51,UNIVERSITE BREST BRETAGNE OCCIDENTALE
193000239,42,LYCEE GENERAL TECHNOLOGIQUE ALBERT CAMUS
193013281,51,ECOLE NATIONE DE POLICE DE NIMES
193100443,51,LYCEE TECHNOLOGIQUE DEODAT DE SEVERAC
193112562,42,ECOLE NATIONALE DE L'AVIATION CIVILE
193113818,42,INSTITUT NATIONAL POLYTECHNIQUE DE TOULOUSE
193113826,42,UNIVERSITE TOULOUSE 1 CAPITOLE
193113834,51,UNIVERSITE TOULOUSE II
193113842,52,UNIVERSITE PAUL SABATIER TOULOUSE III
193317666,42,UNIVERSITE BORDEAUX MONTAIGNE BORDEAUX III
193410891,42,UNIVERSITE MONTPELLIER III PAUL VALERY
193416039,42,LYCEE POLYVALENT LYCEE DES METIERS JEAN JAURES
193509361,51,UNIVERSITE DE RENNES I
193509379,42,UNIVERSITE RENNES  II  HAUTE BRETAGNE
193708005,51,UNIVERSITE DE TOURS
193819125,42,INSTITUT POLYTECHNIQUE DE GRENOBLE
194210951,42,UNIVERSITE JEAN MONNET SAINT ETIENNE
194409843,51,UNIVERSITE DE NANTES
194508552,51,UNIVERSITE D'ORLEANS
194909701,51,UNIVERSITE D'ANGERS
195112966,51,UNIVERSITE DE REIMS CHAMPAGNE-ARDENNE
195617188,42,UNIVERSITE DE BRETAGNE SUD
195900113,42,LYCEE GUSTAVE EIFFEL
195900832,42,LYCEE POLYVALENT CAMILLE CLAUDEL
195932793,42,UNIVERSITE POLYTECHNIQUE HAUTS-DE-FRANCE
195935598,51,UNIVERSITE SCIENCES  TECHNOLOGIES LILLE
195935606,51,UNIVERSITE DE LILLE 2 DROIT ET SANTE
195935614,42,UNIVERSITE SCIENC.HUMAINES LETTRES ARTS
195944038,42,UNIVERSITE DU LITTORAL COTE D'OPALE
196200521,51,LYCEE GENERAL ET TECHNOLOGIQUE BRANLY
196244016,42,UNIVERSITE D ARTOIS
196315253,51,UNIVERSITE BLAISE PASCAL CLERMONT FERRAND II
196402515,42,UNIVERSITE DE PAU ET DU PAYS DE L'ADOUR
196600142,42,LYCEE GENERAL ET TECHNOLOGIQUE PABLO PICASSO
196604375,42,UNIVERSITE DE PERPIGNAN VIA DOMITIA
196800106,42,LYCEE POLYVALENT BLAISE PASCAL
196811665,42,UNIVERSITE DE HAUTE ALSACE
196901920,42,INSTITUT NATIONAL DES SCIENCES APPLIQUEES DE LYON
196917744,51,UNIVERSITE CLAUDE BERNARD LYON 1
196917751,42,UNIVERSITE LYON 2 A ET L LUMIERE
196924377,42,UNIVERSITE LYON 3 JEAN MOULIN
196928667,42,LYCEE GEN TECH LA MARTINIERE MONPLAISIR
197209166,42,UNIVERSITE DU MANS
197308588,42,UNIVERSITE SAVOIE MONT BLANC
197506991,42,LYCEE GENERAL JANSON DE SAILLY
197517170,51,UNIVERSITE PARIS 1 PANTHEON-SORBONNE
197517188,42,UNIVERSITE PARIS II PANTHEON ASSAS
197517196,42,UNIVERSITE PARIS III SORBONNE NOUVELLE
197517204,42,UNIVERSITE DE PARIS IV PARIS-SORBONNE
197517212,51,UNIVERSITE DE PARIS 5 RENE DESCARTES
197517220,52,UNIVERSITE PARIS 6 PIERRE ET MARIE CURIE
197517238,51,UNIVERSITE PARIS DIDEROT - PARIS 7
197529050,42,CENTRE NATIONAL D'ENSEIGNEMENT A DISTANCE
197534597,42,ECOLE NORMALE SUPERIEURE
197534712,51,CONSERVATOIRE NATIONAL DES ARTS ET METIERS
197534720,42,ECOLE NATIONALE SUPERIEURE D'ARTS ET METIERS (ENSAM)
197546922,42,UNIVERSITE PARIS DAUPHINE
197600968,42,LYCEE ENS GEN TECHNO GUSTAVE FLAUBERT
197619042,51,UNIVERSITE DE ROUEN-NORMANDIE
197715121,42,LYCEE GENERAL TECHNOLOGIQUE VAN DONGEN
197819444,42,UNIVERSITE VERSAILLES ST QUENTIN YVELINE
197825995,42,LYCEE POLYVALENT JULES VERNE
198013443,51,UNIVERSITE AMIENS PICARDIE JULES VERNE
198608564,51,UNIVERSITE DE POITIERS
198706699,51,UNIVERSITE DE LIMOGES
199106204,42,LYCEE POLYVALENT ROBERT DOISNEAU
199111014,51,UNIVERSITE DE PARIS XI PARIS SUD
199115684,51,ECOLE POLYTECHNIQUE
199212044,51,UNIVERSITE PARIS NANTERRE
199312380,51,UNIV PARIS XIII PARIS-NORD VILLETANEUSE
199312729,51,LYCEE GENERAL TECHNOLOGIQUE G. EIFFEL
199318270,42,UNIVERSITE DE PARIS VIII.PARIS VINCENNES
199320565,42,UNIVERSITE DE MARNE LA VALLEE
199401167,42,LYCEE GENERAL ET TECHNO. E.DELACROIX
199406075,51,ECOLE NORMALE SUPERIEURE PARIS-SACLAY
199411117,51,UNIVERSITE PARIS EST CRETEIL VAL DE MARNE
199506668,42,LYCEE POLYVALENT GEORGES BRAQUE
199517939,42,UNIVERSITE CERGY-PONTOISE
199715855,42,UNIVERSITE DES ANTILLES
199744780,42,UNIVERSITE DE LA REUNION
200002970,51,CENTRE HOSPITALIER PUBLIC DU COTENTIN
200011203,51,CTRE HOSPITALIER INTERCOMMUNAL AGGLOMERATION DE NEVERS
200011385,42,CENTRE HOSPITALIER ARDECHE MERIDIONALE
200011898,42,INSTITUT DEPARTEMENTAL DE L'ENFANCE DE LA FAMILLE ET DU HANDICAP POUR L'INSERTION
200018034,51,GROUPE HOSPITALIER INTERCOMMUNAL LE RAINCY MONTFERMEIL
200023059,52,CENTRE HOSPITALIER REGIONAL ET UNIVERSITAIRE DE BREST
200023091,42,CENTRE HOSPITALIER SUD GIRONDE LANGON-LA REOLE
200023414,42,METROPOLE ROUEN NORMANDIE
200026250,42,CENTRE HOSPITALIER INTERCOMMUNAL UNISANTE +
200026433,42,CENTRE HOSPITALIER SUD ESSONNE-DOURDAN-ETAMPES
200027092,51,LES HOPITAUX DE SAINT MAURICE
200027159,51,COMMUNE DE DUNKERQUE
200027233,42,CENTRE HOSPITALIER RIVES DE SEINE
200029320,51,CENTRE HOSPITALIER  DU PAYS D AIX - CENTRE HOSPITALIER INTERCOMMUNAL AIX-PERTUIS
200029445,42,CENTRE HOSPITALIER INTERCOMMUNAL EMILE DURKHEIM
200029619,51,GROUPE HOSPITALIER PUBLIC DU SUD DE L OISE
200030013,52,CENTRE HOSPITALIER UNIVERSITAIRE DE LA REUNION
200030195,51,METROPOLE NICE COTE D AZUR
200030708,42,GROUPE EPHESE
200032779,42,PARIS MUSEES
200033082,42,CENTRE HOSPITALIER INTERCOMMUNAL DE L'OUEST VOSGIEN
200034528,52,CENTRE HOSPITALIER UNIVERSITAIRE DE LA MARTINIQUE
200034650,51,CENTRE HOSPITALIER INTERCOMMUNAL COMPIEGNE NOYON
200034932,42,CENTRE HOSPITALIER DU FOREZ
200035459,42,AGGLOMERATION D'AGEN
200036929,42,CENTRE INTERCOMMUNAL D ACTION SOCIALE CARCASSONNE AGGLO SOLIDARITE
200039782,42,CENTRE HOSPITALIER VERDUN SAINT MIHIEL
200040699,42,GROUPE HOSPITALIER NORD VIENNE
200040715,42,METROPOLE GRENOBLE-ALPES-METROPOLE (METRO)
200042166,53,CENTRE HOSPITALIER REGIONAL DE NANCY
200044972,42,CENTRE HOSPITALIER CHATEAUBRIANT - NOZAY - POUANCE
200046324,42,LYCEE POLYVALENT ALGOUD LAFFEMAS
200046977,52,METROPOLE DE LYON
200046985,52,GROUPE HOSPITALIER DE LA REGION DE MULHOUSE ET SUD ALSACE
200047165,42,ETABLISSEMENT PUBLIC DEPARTEMENTAL POUR L'ACCUEIL DU HANDICAP ET L'ACCOMPAGNEMENT VERS L'AUTONOMIE
200047819,42,CENTRE HOSPITALIER DE LA HAUTE COTE-D'OR
200047827,42,HOSPICES CIVILS DE BEAUNE
200047835,51,CENTRE HOSPITALIER GROUPE HOSPITALIER DE LA ROCHELLE RE AUNIS
200048668,42,GROUPE HOSPITALIER CARNELLE PORTES DE L'OISE
200050292,51,CENTRE HOSPITALIER METROPOLE SAVOIE
200052264,52,REGION GRAND EST
200052678,51,COLLECTIVITE TERRITORIALE DE GUYANE
200053098,51,CENTRE HOSPITALIER AGEN-NERAC
200053403,51,REGION NORMANDIE
200053726,51,REGION BOURGOGNE-FRANCHE-COMTE
200053742,52,REGION HAUTS-DE-FRANCE
200053759,52,REGION NOUVELLE-AQUITAINE
200053767,52,REGION AUVERGNE-RHONE-ALPES
200053791,52,REGION OCCITANIE
200054807,52,METROPOLE D'AIX-MARSEILLE-PROVENCE
200055358,52,CENTRE HOSPITALIER UNIVERSITAIRE DE POITIERS
200055507,51,COLLECTIVITE TERRITORIALE DE MARTINIQUE
200055648,42,GROUPE HOSPITALIER SELESTAT OBERNAI
200056844,51,COMMUNE DE CHERBOURG-EN-COTENTIN
200057867,51,PLAINE COMMUNE
200057875,42,EST ENSEMBLE
200058006,42,GRAND PARIS SUD EST AVENIR
200058014,42,GRAND-ORLY SEINE BIEVRE
200059228,42,CA GRAND PARIS SUD SEINE ESSONNE SENART
200059889,42,GRAND PARIS SEINE ET OISE
200063402,51,COMMUNE D'ANNECY
200065597,51,CU CAEN LA MER
200066009,42,CA MULHOUSE ALSACE AGGLOMERATION
200066918,42,CA ALES AGGLOMERATION
200067106,42,CA DU PAYS BASQUE
200067205,42,CA DU COTENTIN
200067213,42,COMMUNAUTE URBAINE DU GRAND REIMS
200067254,42,CA PAU BEARN PYRENEES
200068641,42,LE MURETAIN AGGLO
200068781,42,CA VALENCE ROMANS AGGLO
200069854,42,GRAND POITIERS COMMUNAUTE URBAINE
200072460,42,"CA DE BETHUNE-BRUAY, ARTOIS-LYS ROMANE"
210100533,42,COMMUNE DE BOURG EN BRESSE
210206660,42,COMMUNE DE SAINT QUENTIN
210600045,51,COMMUNE D'ANTIBES
210600292,51,COMMUNE DE CANNES
210600300,42,COMMUNE LE CANNET
210600698,42,COMMUNE DE GRASSE
210600888,52,COMMUNE DE NICE
210800967,42,COMMUNE DE CHARLEVILLE-MEZIERES
211003744,42,COMMUNE DE TROYES
211100698,42,COMMUNE DE CARCASSONNE
211102629,42,COMMUNE DE NARBONNE
211300017,51,COMMUNE D AIX EN PROVENCE
211300041,42,COMMUNE D ARLES
211300058,42,COMMUNE D AUBAGNE
211300470,42,COMMUNE D ISTRES
211300553,53,COMMUNE DE MARSEILLE
211300561,51,COMMUNE DE MARTIGUES
211301031,42,COMMUNE DE SALON DE PROVENCE
211301171,42,COMMUNE DE VITROLLES
211401187,42,COMMUNE DE CAEN
211600150,42,COMMUNE D ANGOULEME
211703004,51,COMMUNE DE LA ROCHELLE
211800339,42,COMMUNE DE BOURGES
211903109,42,COMMUNE DE BRIVE LA GAILLARDE
212000046,51,COMMUNE D AJACCIO
212102313,51,COMMUNE DE DIJON
212202782,42,COMMUNE DE SAINT BRIEUC
212500565,51,COMMUNE DE BESANCON
212603625,42,COMMUNE DE VALENCE
212702294,42,COMMUNE DE EVREUX
212902324,42,COMMUNE DE QUIMPER
213001894,51,COMMUNE DE NIMES
213100696,42,COMMUNE DE BLAGNAC
213101496,42,COMMUNE DE COLOMIERS
213105554,52,COMMUNE DE TOULOUSE
213300635,52,COMMUNE DE BORDEAUX
213302813,42,COMMUNE DE MERIGNAC
213303183,42,COMMUNE DE PESSAC
213400039,42,COMMUNE D AGDE
213400328,51,COMMUNE DE BEZIERS
213401722,52,COMMUNE DE MONTPELLIER
213403017,42,COMMUNE DE SETE
213502388,51,COMMUNE DE RENNES
213502883,42,COMMUNE DE SAINT MALO
213702616,51,COMMUNE DE TOURS
213801517,42,COMMUNE D ECHIROLLES
213801855,51,COMMUNE DE GRENOBLE
213804214,42,COMMUNE DE SAINT MARTIN D HERES
214100182,42,COMMUNE DE BLOIS
214202186,51,COMMUNE DE SAINT ETIENNE
214401093,51,COMMUNE DE NANTES
214401432,42,COMMUNE DE REZE
214401622,42,COMMUNE DE SAINT-HERBLAIN
214401846,42,COMMUNE DE SAINT-NAZAIRE
214502346,51,COMMUNE D'ORLEANS
214900078,51,COMMUNE D'ANGERS
215101015,42,COMMUNE DE CHALONS EN CHAMPAGNE
215104217,51,COMMUNE DE REIMS
215301300,42,COMMUNE DE LAVAL
215403957,42,COMMUNE DE NANCY
215601212,42,COMMUNE DE LORIENT
215602608,42,COMMUNE DE VANNES
215704636,51,COMMUNE DE METZ
215706722,42,COMMUNE DE THIONVILLE
215900093,51,COMMUNE DE VILLENEUVE D ASCQ
215901786,42,COMMUNE DE DOUAI
215902719,42,COMMUNE DE GRANDE SYNTHE
215903501,52,COMMUNE DE LILLE
215905126,51,COMMUNE DE ROUBAIX
215905993,51,COMMUNE DE TOURCOING
215906066,42,COMMUNE DE VALENCIENNES
215906504,42,COMMUNE DE WATTRELOS
216000562,42,COMMUNE DE BEAUVAIS
216001586,42,COMMUNE DE COMPIEGNE
216001743,42,COMMUNE DE CREIL
216200410,42,COMMUNE D'ARRAS
216201608,42,COMMUNE DE BOULOGNE SUR MER
216201939,42,COMMUNE DE CALAIS
216301135,51,COMMUNE DE CLERMONT FERRAND
216401026,42,COMMUNE DE BAYONNE
216404459,42,COMMUNE DE PAU
216504407,42,COMMUNE DE TARBES
216601369,51,COMMUNE DE PERPIGNAN
216704825,42,COMMUNE DE STRASBOURG
216800664,42,COMMUNE DE COLMAR
216802249,51,COMMUNE DE MULHOUSE
216901231,53,COMMUNE DE LYON
216902569,42,COMMUNE DE VAULX EN VELIN
216902593,51,COMMUNE DE VENISSIEUX
216902668,51,COMMUNE DE VILLEURBANNE
216902908,42,COMMUNE DE SAINT PRIEST
217100767,42,COMMUNE DE CHALON-SUR-SAONE
217102706,42,COMMUNE DE MACON
217201813,51,COMMUNE DU MANS
217300656,42,COMMUNE DE CHAMBERY
217500016,53,VILLE DE PARIS
217602176,42,COMMUNE DE DIEPPE
217603513,51,COMMUNE DE LE HAVRE
217605401,51,COMMUNE DE ROUEN
217605757,42,COMMUNE DE SAINT ETIENNE DU ROUVRAY
217701085,42,COMMUNE DE CHELLES
217702844,42,COMMUNE MEAUX
217702885,42,COMMUNE MELUN
217802974,42,COMMUNE DE GUYANCOURT
217803618,42,COMMUNE DE MANTES LA JOLIE
217804236,42,COMMUNE DE MONTIGNY LE BRETONNEUX
217804400,42,COMMUNE DE LES MUREAUX
217804988,42,COMMUNE DE POISSY
217805514,42,COMMUNE DE SAINT GERMAIN EN LAYE
217805860,42,COMMUNE DE SARTROUVILLE
217806215,42,COMMUNE DE TRAPPES
217806462,51,COMMUNE DE VERSAILLES
217901917,42,COMMUNE DE NIORT
218100659,42,COMMUNE DE CASTRES
218201218,42,COMMUNE DE MONTAUBAN
218300614,42,COMMUNE DE FREJUS
218300697,42,COMMUNE D HYERES
218301265,42,COMMUNE DE LA SEYNE SUR MER
218301372,51,COMMUNE DE TOULON
218400075,51,COMMUNE D AVIGNON
218501914,42,COMMUNE DE LA ROCHE-SUR-YON
218601946,42,COMMUNE DE POITIERS
218708501,51,COMMUNE DE LIMOGES
218801603,42,COMMUNE DE EPINAL
218900249,42,COMMUNE D'AUXERRE
219000106,42,COMMUNE DE BELFORT
219101748,42,COMMUNE DE CORBEIL ESSONNES
219102282,42,COMMUNE D'EVRY
219102860,42,COMMUNE DE GRIGNY
219103777,42,COMMUNE DE MASSY
219200029,42,COMMUNE D ANTONY
219200045,51,COMMUNE D ASNIERES SUR SEINE
219200078,42,COMMUNE DE BAGNEUX
219200128,51,COMMUNE DE BOULOGNE-BILLANCOURT
219200201,42,COMMUNE DE CHATILLON
219200235,42,COMMUNE DE CLAMART
219200243,51,COMMUNE DE CLICHY
219200250,51,COMMUNE DE COLOMBES
219200268,51,COMMUNE DE COURBEVOIE
219200367,51,COMMUNE DE GENNEVILLIERS
219200409,42,COMMUNE D ISSY LES MOULINEAUX
219200441,51,COMMUNE DE LEVALLOIS PERRET
219200482,42,COMMUNE DE MEUDON
219200490,42,COMMUNE DE MONTROUGE
219200508,51,COMMUNE DE NANTERRE
219200516,42,COMMUNE DE NEUILLY SUR SEINE
219200623,42,COMMUNE DE PUTEAUX
219200631,51,COMMUNE DE RUEIL MALMAISON
219200730,42,COMMUNE DE SURESNES
219300019,51,COMMUNE D'AUBERVILLIERS
219300050,51,COMMUNE D'AULNAY SOUS BOIS
219300068,42,COMMUNE DE BAGNOLET
219300076,42,COMMUNE DE BLANC MESNIL
219300084,42,COMMUNE DE BOBIGNY
219300100,42,COMMUNE DE BONDY
219300142,42,COMMUNE DE CLICHY-SOUS-BOIS
219300274,42,COMMUNE DE LA COURNEUVE
219300290,51,COMMUNE DE DRANCY
219300316,42,COMMUNE D EPINAY SUR SEINE
219300464,42,COMMUNE DE LIVRY GARGAN
219300480,51,COMMUNE DE MONTREUIL
219300506,42,COMMUNE DE NEUILLY S-MARNE
219300514,51,COMMUNE DE NOISY LE GRAND
219300530,42,COMMUNE DE NOISY LE SEC
219300555,42,COMMUNE DE PANTIN
219300647,42,COMMUNE DE ROSNY-SOUS-BOIS
219300662,51,COMMUNE DE ST DENIS
219300704,42,COMMUNE DE ST OUEN-SUR-SEINE
219300712,42,COMMUNE DE SEVRAN
219300720,42,COMMUNE DE STAINS
219300738,42,COMMUNE DE TREMBLAY EN FRANCE
219300787,42,COMMUNE DE VILLEPINTE
219400173,51,COMMUNE DE CHAMPIGNY SUR MARNE
219400223,42,COMMUNE DE CHOISY LE ROI
219400280,51,COMMUNE DE CRETEIL
219400330,42,COMMUNE DE FONTENAY SOUS BOIS
219400413,51,COMMUNE D IVRY SUR SEINE
219400462,42,COMMUNE DE MAISONS ALFORT
219400546,42,COMMUNE D ORLY
219400686,51,COMMUNE DE SAINT MAUR DES FOSSES
219400769,42,COMMUNE DE VILLEJUIF
219400785,42,COMMUNE DE VILLENEUVE SAINT GEORGES
219400801,42,COMMUNE DE VINCENNES
219400819,51,COMMUNE DE VITRY SUR SEINE
219500188,51,COMMUNE D ARGENTEUIL
219500634,42,COMMUNE DE BEZONS
219501277,42,COMMUNE DE CERGY
219502523,42,COMMUNE DE FRANCONVILLE LA GARENNE
219502689,42,COMMUNE DE GARGES-LES-GONESSE
219505856,42,COMMUNE DE SARCELLES
219711017,42,COMMUNE DES ABYMES
219711033,42,COMMUNE DE BAIE-MAHAULT
219722097,51,COMMUNE DE FORT-DE-FRANCE
219722220,42,COMMUNE DU ROBERT
219733029,51,COMMUNE DE CAYENNE
219733045,42,COMMUNE DE KOUROU
219733110,42,COMMUNE DE SAINT-LAURENT-DU-MARONI
219740073,42,COMMUNE DU PORT
219740099,51,COMMUNE DE SAINT ANDRE
219740107,42,COMMUNE DE SAINT BENOIT
219740115,51,COMMUNE DE SAINT DENIS
219740123,42,COMMUNE DE SAINT JOSEPH
219740131,42,COMMUNE DE SAINT LEU
219740149,51,COMMUNE DE SAINT LOUIS
219740156,51,COMMUNE DE SAINT PAUL
219740164,51,COMMUNE DE SAINT PIERRE
219740180,42,COMMUNE DE SAINTE MARIE
219740222,51,COMMUNE DU TAMPON
220100010,51,DEPARTEMENT DE L AIN
220200026,51,DEPARTEMENT DE L AISNE
220300016,42,DEPARTEMENT DE L ALLIER
220400014,42,DEPARTEMENT DES ALPES DE HAUTE PROVENCE
220500011,42,DEPARTEMENT DES HAUTES ALPES
220600019,51,DEPARTEMENT DES ALPES MARITIMES
220700017,42,DEPARTEMENT DE L ARDECHE
220800049,42,DEPARTEMENT DES ARDENNES
220900013,42,DEPARTEMENT DE L ARIEGE
221000052,42,DEPARTEMENT DE L AUBE
221100019,51,DEPARTEMENT DE L AUDE
221200017,42,DEPARTEMENT DE L AVEYRON
221300015,52,DEPARTEMENT DES BOUCHES DU RHONE
221401185,51,DEPARTEMENT DU CALVADOS
221500010,42,DEPARTEMENT DU CANTAL
221600018,51,DEPARTEMENT DE LA CHARENTE
221700016,51,DEPARTEMENT DE LA CHARENTE-MARITIME
221800014,42,DEPARTEMENT DU CHER
221927205,42,DEPARTEMENT DE LA CORREZE
222100018,51,DEPARTEMENT DE COTE D OR
222200016,51,DEPARTEMENT DES COTES D'ARMOR
222309627,42,DEPARTEMENT DE LA CREUSE
222400012,51,DEPARTEMENT DE LA DORDOGNE
222500019,51,DEPARTEMENT DU DOUBS
222600017,51,DEPARTEMENT DE LA DROME
222702292,51,DEPARTEMENT DE L EURE
222800013,51,DEPARTEMENT DE L'EURE ET LOIR
222900011,51,DEPARTEMENT DU FINISTERE
223000019,51,DEPARTEMENT DU GARD
223100017,52,DEPARTEMENT DE LA HAUTE GARONNE
223200015,42,DEPARTEMENT DU GERS
223300013,52,DEPARTEMENT DE LA GIRONDE
223400011,51,DEPARTEMENT DE L HERAULT
223500018,51,DEPARTEMENT D ILLE ET VILAINE
223600016,42,DEPARTEMENT DE L'INDRE
223700014,51,DEPARTEMENT DE L'INDRE ET LOIRE
223800012,51,DEPARTEMENT DE L ISERE
223900010,42,DEPARTEMENT DU JURA
224000018,51,DEPARTEMENT DES LANDES
224100016,42,DEPARTEMENT DU LOIR ET CHER
224200014,51,DEPARTEMENT DE LA LOIRE
224300012,42,DEPARTEMENT DE LA HAUTE LOIRE
224400028,51,DEPARTEMENT DE LA LOIRE-ATLANTIQUE
224500017,51,DEPARTEMENT DU LOIRET
224600015,42,DEPARTEMENT DU LOT
224700013,42,DEPARTEMENT DU LOT ET GARONNE
224900019,51,DEPARTEMENT DE MAINE ET LOIRE
225005024,51,DEPARTEMENT DE LA MANCHE
225100015,51,DEPARTEMENT DE LA MARNE
225200013,42,DEPARTEMENT DE LA HAUTE-MARNE
225300011,42,DEPARTEMENT DE LA MAYENNE
225400019,51,DEPARTEMENT DE MEURTHE ET MOSELLE
225500016,42,DEPARTEMENT DE LA MEUSE
225600014,51,DEPARTEMENT DU MORBIHAN
225700012,51,DEPARTEMENT DE LA MOSELLE
225800010,42,DEPARTEMENT DE LA NIEVRE
225900018,53,DEPARTEMENT DU NORD
226000016,51,DEPARTEMENT DE L'OISE
226100014,42,DEPARTEMENT DE L'ORNE
226200012,52,DEPARTEMENT DU PAS DE CALAIS
226300010,51,DEPARTEMENT DU PUY DE DOME
226400018,51,DEPARTEMENT DES PYRENEES ATLANTIQUES
226500015,42,DEPARTEMENT DES HAUTES PYRENEES
226600013,51,DEPARTEMENT DES PYRENEES-ORIENTALES
226700011,51,DEPARTEMENT DU BAS RHIN
226800019,51,DEPARTEMENT DU HAUT RHIN
226900017,51,DEPARTEMENT DU RHONE
227000015,42,DEPARTEMENT DE HAUTE SAONE
227100013,51,DEPARTEMENT DE SAONE ET LOIRE
227200029,51,DEPARTEMENT DE LA SARTHE
227300019,51,DEPARTEMENT DE LA SAVOIE
227400017,51,DEPARTEMENT DE LA HAUTE SAVOIE
227500055,52,DEPARTEMENT DE PARIS
227605409,52,DEPARTEMENT DE LA SEINE MARITIME
227700010,51,DEPARTEMENT DE SEINE ET MARNE
227806460,51,DEPARTEMENT DES YVELINES
227900016,42,DEPARTEMENT DES DEUX SEVRES
228000014,51,DEPARTEMENT DE LA SOMME
228100012,51,DEPARTEMENT DU TARN
228200010,42,DEPARTEMENT DU TARN ET GARONNE
228300018,52,DEPARTEMENT DU VAR
228400016,51,DEPARTEMENT DU VAUCLUSE
228600011,42,DEPARTEMENT DE LA VIENNE
228708517,42,DEPARTEMENT DE LA HAUTE VIENNE
228800017,42,DEPARTEMENT DES VOSGES
228900015,42,DEPARTEMENT DE L'YONNE
229102280,51,DEPARTEMENT DE L' ESSONNE
229200506,52,DEPARTEMENT DES HAUTS-DE-SEINE
229300082,52,DEPARTEMENT DE LA SEINE SAINT DENIS
229400288,52,DEPARTEMENT DU VAL DE MARNE
229501275,51,DEPARTEMENT DU VAL D OISE
229710017,51,DEPARTEMENT DE LA GUADELOUPE
229740014,52,DEPARTEMENT DE LA REUNION
231300021,52,REGION PROVENCE-ALPES-COTE D'AZUR
233500016,51,REGION BRETAGNE
234400034,51,REGION DES PAYS DE LA LOIRE
234500023,51,REGION CENTRE-VAL DE LOIRE
237500079,53,REGION ILE DE FRANCE
239710015,42,CONSEIL REGIONAL DE LA GUADELOUPE
239740012,51,REGION REUNION
242500361,42,COMMUNAUTE D'AGGLOMERATION GRD BESANCON
242900314,51,BREST METROPOLE
243100518,52,TOULOUSE METROPOLE
243100633,42,COMMUNAUTE D'AGGLOMERATION DU SICOVAL
243300316,52,BORDEAUX METROPOLE
243400017,51,MONTPELLIER MEDITERRANEE METROPOLE
243500139,42,RENNES METROPOLE
244400404,51,METROPOLE NANTES METROPOLE
245400676,42,METROPOLE DU GRAND NANCY
245900410,51,METROPOLE EUROPEENNE DE LILLE
245900428,42,COMMUNAUTE URBAINE DE DUNKERQUE
246700488,52,EUROMETROPOLE DE STRASBOURG
247200132,42,LE MANS METROPOLE COMMUNAUTE URBAINE
248000531,51,COMMUNAUTE AGGLO AMIENS METROPOLE
248300543,42,METROPOLE TOULON-PROVENCE-MEDITERRANEE
249740077,42,COMMUNAUTE INTERCOMMUNALE DES VILLES SOLIDAIRES
257550004,42,SYNDICAT INTERDEPARTEMENTAL POUR L ASSAINISSEMENT DE L AGGLOMERATION PARISIENNE
260100045,51,CENTRE HOSPITALIER FLEYRIAT
260200340,42,ETS PUBLIC SANTE MENTALE DE L'AISNE
260208616,51,CENTRE HOSPITALIER GENERAL ST QUENTIN
260208624,42,CENTRE HOSPITALIER GENERAL DE SOISSONS
260208715,42,CENTRE HOSPITALIER DE LAON
260300173,42,CENTRE HOSPITALIER DE MONTLUCON
260300264,51,CENTRE HOSPITALIER JACQUES LACARIN
260303839,51,CTRE HOSPITALIER MOULINS YZEURE
260403589,42,CENTRE HOSPITALIER DE DIGNE LES BAINS
260503479,42,CTRE HOSPITALIER INTERCOM ALPES DU SUD
260600150,42,CTRE HOSPITALIER ANTIBES JUAN LES PINS
260600176,42,CENT HOSP GENERAL DE GRASSE CLAVARY
260600200,51,CENTRE HOSPITALIER DE CANNES SIMONE VEIL
260600705,52,CENTRE HOSPITALIER REGIONAL
260700018,42,CENTRE HOSPITALIER ARDECHE NORD
260804901,51,CTRE HOSPITALIER DE CHARLEVILLE-MEZIERES
260900162,42,CENTRE HOSPITALIER ARIEGE COUSERANS
260900238,42,CENTRE HOSPITALIER DES VALLEES D'ARIEGE
261000020,51,CENTRE HOSPITALIER DE TROYES
261100028,51,CENTRE HOSPITALIER DE CARCASSONNE
261100101,42,CENTRE HOSPITALIER DE NARBONNE
261200117,42,CENTRE HOSPITALIER DE RODEZ HOPITAL JACQUES PUEL
261300024,42,CENTRE HOSPITALIER GENERAL D AUBAGNE
261300073,42,CENT HOSP SPECIALISE EDOUARD TOULOUSE
261300081,53,CENTRE HOSPITALIER REGIONAL DE MARSEILLE
261300115,42,CENTRE HOSPITALIER SPECIALISE MONTPERRIN
261300198,42,CENTRE HOSPITALIER DE MARTIGUES
261300206,42,CENTRE HOSPITALIER GENERAL DE SALON
261300222,42,CENTRE HOSPITALIER D ARLES
261400915,42,CENTRE HOSPITALIER ROBERT BISSON
261400923,42,CENTRE HOSPITALIER AUNAY-BAYEUX
261400931,52,CENTRE HOSPITALIER UNIVERSITAIRE DE CAEN NORMANDIE
261401277,42,ETS PUBLIC DE SANTE MENTALE DE CAEN
261502843,42,CENTRE HOSPITALIER HENRI MONDOR
261600340,51,CENTRE HOSPITALIER D ANGOULEME
261700025,51,CENTRE HOSPITALIER DE SAINTONGE SAINTES
261700330,42,CENTRE HOSPITALIER DE ROCHEFORT
261800072,51,CENTRE HOSPITALIER JACQUES COEUR
261803654,42,CENTRE HOSPITALIER GEORGE SAND
261903108,51,CENTRE HOSPITALIER DUBOIS BRIVE
261927206,42,CENTRE HOSPITALIER COEUR DE CORREZE
262000060,42,CENTRE HOSPITALIER NOTRE DAME DE LA MISERICORDE
262000094,51,CENTRE HOSPITALIER GENERAL DE BASTIA
262100068,42,EPSM LA CHARTREUSE
262100076,52,CENTRE HOSPITALIER UNIVERSITAIRE DE DIJON
262200025,42,CENTRE HOSPITALIER GUINGAMP
262200074,42,CENTRE HOSPITALIER GENERAL PIERRE LE DAMANY LANNION-TRESTEL
262200082,42,CENTRE HOSPITALIER RENE PLEVEN
262200090,51,CENTRE HOSPITALIER YVES LE FOLL
262309602,42,CENTRE HOSPITALIER DE GUERET
262405806,51,CENTRE HOSPITALIER DE PERIGUEUX
262501760,52,CENTRE HOSPITALIER REGIONAL UNIVERSITAIRE
262504624,42,CENTRE HOSPITALIER INTERCOMMUNAL DE HAUTE-COMTE
262600133,51,CENTRE HOSPITALIER VALENCE
262611098,42,HOPITAUX DROME NORD
262703044,42,NOUVEL HOPITAL DE NAVARRE
262708746,51,CENTRE HOSPITALIER INTERCOMMUNAL EURE-SEINE
262800048,51,CENTRE HOSPITALIER GENERAL DE CHARTRES
262800170,51,CTRE HOSPITALIER DREUX VICTOR JOUSSELIN
262900020,42,ETS PUBLIC SANTE MENTALE ETIENNE GOURMELEN
262900053,42,CENTRE HOSPITALIER DE QUIMPERLE
262900095,51,CENTRE HOSPITALIER DES PAYS DE MORLAIX
262903610,51,CENTRE HOSPITALIER INTERCOMMUNAL DE CORNOUAILLE
263000010,42,CENTRE HOSPITALIER DE BAGNOLS SUR CEZE LOUIS PASTEUR
263000036,52,CENTRE HOSPITALIER UNIVERSITAIRE DE NIMES
263000176,42,CENTRE HOSPITALIER ALES-CEVENNES
263100125,53,CENTRE HOSPITALIER UNIVERSITAIRE DE TOULOUSE
263100133,42,CENTRE HOSPITALIER GERARD MARCHANT
263101230,42,CENTRE COMMUNAL D ACTION SOCIALE
263200040,42,CENTRE HOSPITALIER D AUCH
263305658,51,CENTRE HOSPITALIER DE LIBOURNE ROBERT BOULIN
263305823,53,CENTRE HOSPITALIER UNIVERSITAIRE DE BORDEAUX
263305849,42,CENTRE HOSPITALIER CHARLES PERRENS
263305856,42,CENT HOSPITALIER SPECIALISE DE CADILLAC
263400111,51,CENTRE HOSPITALIER DE BEZIERS
263400160,53,CENTRE HOSPITALIER UNIVERSITAIRE DE MONTPELLIER
263403909,42,LES HOPITAUX DU BASSIN DE THAU
263500050,51,CENTRE HOSPITALIER BROUSSAIS
263500076,52,CTRE HOSPITALIER UNIVERS PONTCHAILLOU
263500084,42,CENTRE HOSPITALIER DE FOUGERES
263500126,42,CENTRE HOSPITALIER INTERCOMMUNAL REDON-CARENTOIR
263500142,51,CENTRE HOSPITALIER GUILLAUME REGNIER
263600033,51,CENTRE HOSPITALIER DE CHATEAUROUX - LE BLANC
263700189,52,CENTRE HOSPITALIER REGIONAL UNIVERSITAIRE DE TOURS
263703910,42,CENTRE HOSPITALIER DU CHINONAIS
263707077,42,CTRE HOSPITALIER INTERCOM AMBOISE CHATEAURENAULT
263800062,42,CENTRE HOSPITALIER PIERRE OUDOT
263800211,42,CENTRE HOSPITALIER ALPES ISERE
263800302,52,CENTRE HOSPITALIER UNIVERSITAIRE GRENOBLE ALPES
263800328,42,CENTRE HOSPITALIER GENERAL LUCIEN HUSSEL
263800385,42,CENTRE HOSPITALIER GENERAL DE VOIRON
263810061,42,CENTRE COMMUNAL D'ACTION SOCIALE
263900045,42,CENTRE HOSPITALIER LOUIS PASTEUR
263900052,42,CENTRE HOSPITALIER JURA-SUD
263900144,42,CENTRE HOSPITALIER SAINT YLIE JURA
264003328,51,CENTRE HOSPITALIER DE DAX
264004284,51,CENTRE HOSPITALIER DE MONT DE MARSAN
264100033,51,CENTRE HOSPITALIER BLOIS SIMONE VEIL
264200130,42,CENTRE HOSPITALIER LE CORBUSIER
264200270,51,CENTRE HOSPITALIER GENERAL DE ROANNE
264200304,52,CENTRE HOSPITALIER UNIVERSITAIRE
264203969,42,HOPITAL DU GIER
264302845,42,CENTRE HOSPITALIER DU PUY
264400136,53,CHU NANTES
264400268,51,CENTRE HOSPITALIER SAINT NAZAIRE
264500042,42,ETABLISSEMENT PUBLIC DE SANTE MENTALE DU LOIRET GEORGES DAUMEZON
264500091,52,CENTRE HOSPITALIER REGIONAL D'ORLEANS
264500224,42,CH AGGLOMERATION MONTARGOISE
264600016,42,CENTRE HOSPITALIER JEAN ROUGIER
264702432,42,CENTRE HOSPITALIER
264702689,42,CENTRE HOSPITALIER DEP. LA CANDELIE
264703612,42,CTRE HOSPITAL INTERCOM MARMANDE TONNEINS
264900036,52,CENTRE HOSPITALIER UNIVERSITAIRE D'ANGERS
264900390,51,CENTRE HOSPITALIER DE CHOLET
264900523,42,CENTRE HOSPITALIER DE SAUMUR
264900614,42,CESAME CTRE DE SANTE MENTALE ANGEVIN
265001073,42,HOPITAL MEMORIAL FRANCE ETATS UNIS
265001651,42,CENTRE HOSPITALIER D'AVRANCHES-GRANVILLE
265100016,42,CENTRE HOSPITALIER DE CHALONS
265100057,52,CENTRE HOSPITALIER UNIVERSITAIRE REIMS
265109157,42,ETABLISSEMENT PUBLIC DE SANTE MENTALE DE LA MARNE
265205138,42,CH GENEVIEVE DE GAULLE ANTHONIOZ
265300236,51,CENTRE HOSPITALIER DE LAVAL
265300277,42,CENTRE HOSPITALIER DU NORD MAYENNE
265400119,51,CENTRE PSYCHOTHERAPIQUE DE NANCY
265600056,42,ETS PUBLIC DE SANTE MENTALE MORBIHAN
265613349,51,GROUPE HOSPITALIER BRETAGNE SUD
265613372,51,CENTRE HOSPITALIER BRETAGNE ATLANTIQUE
265613430,51,CENTRE HOSPITALIER DU CENTRE BRETAGNE
265700054,42,CENTRE HOSPITALIER ROBERT PAX
265700161,42,CTRE HOSPITALIER SPECIAL SARREGUEMINES
265702803,52,CENTRE HOSPITAL REGION METZ THIONVILLE
265906719,53,CENTRE HOSPITALIER UNIVERSITAIRE DE LILLE
265906727,51,CENTRE HOSPITALIER DE ROUBAIX
265906735,51,CENTRE HOSPITALIER DE VALENCIENNES
265906743,42,CENTRE HOSPITALIER D ARMENTIERES
265906784,42,CENTRE HOSPITALIER DE CAMBRAI
265906818,42,CENTRE HOSPITALIER DE DENAIN
265906826,51,HOPITAL DE DOUAI
265906834,51,CENTRE HOSPITALIER DE DUNKERQUE
265906958,42,CENTRE HOSPITALIER DE SAMBRE-AVESNOIS
265906982,42,GROUPE HOSPITALIER SECLIN CARVIN
265907006,51,CENTRE HOSPITALIER DE TOURCOING
265907063,42,ETS PUBLIC SANTE MENTALE LILLE METROPOLE
265907071,42,ETS PUBLIC DE SANTE MENTALE DES FLANDRES
265907766,42,"ETABLISSEMENT PUBLIC DEPARTEMENTAL POUR SOUTENIR, ACCOMPAGNER, EDUQUER"
265908707,42,EPSM DE L'AGGLOMERATION LILLOISE
266006972,51,CENTRE HOSPITALIER GENERAL
266007111,51,CENTRE HOSPITALIER ISARIEN - ETABLISSEMENT PUBLIC DE SANTE MENTALE DE L'OISE
266100577,42,CENTRE HOSPITALIER GENERAL JACQUES MONOD
266106046,42,CTRE HOSP INTERCOMMUNAL ALENCON MAMERS
266209253,51,CENTRE HOSPITALIER D'ARRAS
266209295,42,CENTRE HOSPITALIER BETHUNE BEUVRY
266209303,42,EPSM VAL DE LYS - ARTOIS
266209329,51,CENTRE HOSPITALIER DOCTEUR SCHAFFNER DE LENS
266209402,51,CENTRE HOSPITALIER DE BOULOGNE SUR MER
266209410,51,CENTRE HOSPITALIER DE CALAIS
266209667,42,CTRE HOSPITALIER REGION DE ST OMER
266209691,42,CTRE HOSPITALIER GENERAL ARR MONTREUIL
266307461,52,CENTRE HOSPITALIER UNIVERSITAIRE
266405521,51,CENTRE HOSPITALIER DE PAU
266405612,42,CENTRE HOSPITALIER DES PYRENEES-PAU (PSYCHIATRIE)
266405679,51,CENTRE HOSPITALIER DE LA COTE BASQUE
266500099,42,CENTRE HOSPITALIER DE LANNEMEZAN
266500180,51,CENTRE HOSPITALIER DE BIGORRE
266600014,42,CENTRE HOSPITALIER SPECIALISE LEON JEAN GREGORY
266600022,51,CENTRE HOSPITALIER DE PERPIGNAN
266700111,51,CENTRE HOSPITALIER DE HAGUENAU
266700228,42,CENTRE HOSPITALIER STE CATHERINE SAVERNE
266700574,53,LES HOPITAUX UNIVERSITAIRES DE STRASBOURG
266706027,42,ETS PUBLIC DE SANTE ALSACE-NORD
266800192,42,CENT HOSPITALIER SPECIALISE DE ROUFFACH
266800903,51,CENTRE HOSPITALIER DE COLMAR
266900083,51,CENTRE HOSPITALIER LE VINATIER
266900257,51,CTRE HOSPITALIER VILLEFRANCHE S SAONE
266900273,53,HOSPICES CIVILS DE LYON
267006617,51,GROUPE HOSPITALIER DE LA HAUTE-SAONE
267100287,51,CENTRE HOSPITALIER LES CHANAUX
267100444,42,CENTRE HOSPITALIER SPECIALISE
267100766,51,CENTRE HOSPITALIER WILLIAM MOREY
267200160,52,HOPITAL LE MANS
267201069,42,ETABLISSEMENT PUBLIC DE SANTE MENTALE DE LA SARTHE
267205482,42,POLE SANTE SARTHE ET LOIR
267300044,42,CTRE HOSPITALIER SPECIALISE DE LA SAVOIE
267311090,42,CENTRE HOSPITALIER INTERCOMMUNAL ALBERTVILLE MOUTIERS
267400026,51,CENTRE HOSPITALIER ANNECY GENEVOIS
267400844,42,CENTRE HOSPITALIER ALPES-LEMAN
267411031,42,CHI LES HOPITAUX DU LEMAN
267411080,42,CENTRE HOSPITALIER INTERCOM MONT BLANC
267500049,52,CENTRE D'ACTION SOCIALE DE LA VILLE DE PARIS
267500452,53,ASSISTANCE PUBLIQUE HOPITAUX DE PARIS
267500643,51,CENTRE HOSPITALIER SAINTE ANNE PARIS
267601615,51,CENTRE HOSPITALIER GENERAL DE DIEPPE
267601680,53,CENTRE HOSPITALIER UNIVERSITAIRE ROUEN
267601714,52,GROUPE HOSPITALIER DU HAVRE
267601722,42,CENTRE HOSPITALIER INTERCOMMUNAL DU PAYS DES HAUTES FALAISES
267601763,51,CENTRE HOSPITALIER INTERCOMMUNAL D'ELBEUF LOUVIERS VAL DE REUIL
267602175,51,CENTRE HOSPITALIER DU ROUVRAY
267700052,51,GROUPE HOSPITALIER DU SUD ILE DE FRANCE
267700086,42,CENTRE HOSPITALIER LEON BINET PROVINS
267800076,42,CENTRE HOSPITALIER GENERAL RAMBOUILLET
267800092,42,HOPITAL GERONTOLOGIQUE ET MEDICO-SOC
267802387,51,CENTRE HOSPITALIER FRANCOIS QUESNAY
267802718,51,CENTRE HOSPITALIER DE VERSAILLES
267805778,42,CTRE HOSPITA INTERCOM MEULAN LES MUREAUX
267805802,51,CENTRE HOSPITALIER INTERCOMMUNAL DE POISSY SAINT GERMAIN
267900017,51,CENTRE HOSPITALIER DE NIORT
267901213,42,CTRE HOSPITALIER DU NORD DEUX-SEVRES
268000015,42,CENTRE HOSPITALIER D'ABBEVILLE
268000148,52,CENTRE HOSPITALIER UNIVERSITAIRE
268000296,42,CTRE HOSPIT SPECIALISE PHILIPPE PINEL
268100013,42,CENTRE HOSPITALIER D ALBI
268100054,51,CENTRE HOSPITALIER INTERCOMMUNAL DE CASTRES MAZAMET
268200078,51,CENTRE HOSPITALIER DE MONTAUBAN
268300126,51,CENTRE HOSPITALIER INTERCOMMUNAL TOULON / LA SEINE-SUR-MER
268300217,42,CENTRE HOSPITALIER DE LA DRACENIE
268300241,42,CENTRE HOSPITALIER INTERCOMMUNAL FREJUS ST RAPHAEL
268400090,51,CHS DE MONTFAVET
268400165,51,CENTRE HOSPITALIER D AVIGNON
268502416,42,CENTRE HOSPITALIER GEORGES MAZURELLE
268502424,51,CHD LA ROCHE SUR YON LUCON MONTAIGU
268504453,42,CENTRE HOSPITALIER LOIRE VENDEE OCEAN
268600020,42,CENTRE HOSPITALIER HENRI LABORIT
268708500,42,CENTRE HOSPITALIER SPECIALISE ESQUIROL
268708518,52,CENTRE HOSPITALIER ET UNIVERSITAIRE DE LIMOGES
268800133,42,CENTRE HOSPITALIER GENERAL DE ST DIE
268800844,42,CENTRE HOSPITALIER DE RAVENEL
268900057,51,CENTRE HOSPITALIER D AUXERRE
268900230,42,CENTRE HOSPITALIER DE SENS
269001293,51,HOPITAL NORD FRANCHE COMTE
269100046,51,CENTRE HOSPITALIER SUD FRANCILIEN
269100095,42,ETS PUBLIC DE SANTE BARTHELEMY DURAND
269102141,51,GROUPE HOSPITALIER NORD ESSONNE
269102240,42,CENTRE HOSPITALIER GENERAL D'ORSAY
269201380,42,CTRE D'ACCUEIL DE SOINS HOSP NANTERRE
269201547,42,CENTRE HOSPITALIER DES QUATRE VILLES
269300935,51,ETS PUBLIC DE SANTE DE VILLE-EVRARD
269301016,51,CENTRE HOSPITALIER GENERAL DE ST DENIS
269301164,51,CTRE HOSPITALIER INTERCOMM R BALLANGER
269301248,51,CENTRE HOSPITALIER DE MAISON BLANCHE
269302618,42,CENTRE HOSPITALIER INTERCOM GREGOIRE
269401063,51,GROUPE HOSPITALIER PAUL GUIRAUD
269401154,51,CENTRE HOSPITALIER INTERCOMMUNAL CRETEIL
269401204,51,CENTRE HOSPITALIER INTERCOMMUNAL DE VILLENEUVE-SAINT-GEORGES
269401345,42,CENTRE HOSPITALIER SPECIALISE LES MURETS
269500047,51,CENTRE HOSPITALIER GENERAL
269500153,51,CENTRE HOSPITALIER RENE DUBOS
269501631,51,CENTRE HOSPITALIER VICTOR DUPOUY
269504726,51,GROUPEMENT HOSPITALIER EAUBONNE MONTMORENCY SIMONE VEIL
269710414,51,CTRE HOSPITAL REGION UNIVERSIT GUADELOUP
269720728,42,CENTRE HOSPITALIER SPECIALISE MAURICE DESPINOY
269733028,51,CENTRE HOSPITALIER DE CAYENNE
269742318,42,CENTRE HOSPITALIER OUEST REUNION
280600511,42,SCE DEPARTEMENTAL INCENDIE ET SECOURS
281300020,42,SCE DEPARTEMENTAL INCENDIE ET SECOURS
282201102,42,CENTRE DEPARTEMENTAL DE GESTION DE LA FONCTION PUBLIQUE TERRITORIALE
283300028,51,SCE DEPARTEMENTAL INCENDIE ET SECOURS
283400497,42,SCE DEPARTEMENTAL INCENDIE ET SECOURS
283812006,42,SCE DEPARTEMENTAL INCENDIE ET SECOURS
284400017,42,SCE DEPARTEMENTAL INCENDIE ET SECOURS
285900015,51,SCE DEPARTEMENTAL INCENDIE ET SECOURS
286200019,42,SCE DEPARTEMENTAL INCENDIE ET SECOURS
286912001,42,SERVICE DEPARTEMENTAL-METROPOLITAIN D'INCENDIE ET DE SECOURS
287600019,42,SCE DEPARTEMENTAL INCENDIE ET SECOURS
287708317,42,SCE DEPARTEMENTAL INCENDIE ET SECOURS
287800536,42,SCE DEPARTEMENTAL INCENDIE ET SECOURS
287800544,42,CENTRE INTERDEPARTEMENTAL DE GESTION DE LA GRANDE COURONNE DE LA REGION D'ILE-DE-FRANCE
288300403,42,SCE DEPARTEMENTAL INCENDIE ET SECOURS
289100992,42,SCE DEPARTEMENTAL INCENDIE ET SECOURS
289500795,42,SCE DEPARTEMENTAL INCENDIE ET SECOURS
289740110,42,SCE DEPARTEMENTAL INCENDIE ET SECOURS
300345808,42,NAF NAF
300571049,42,PETIT FORESTIER LOCATION
301160750,52,CLINEA
301222436,42,ASS DEP AIDE DOMICILE ACTIVITES REGROUPE
301251880,51,PHONE REGIE
301340584,51,ENGIE HOME SERVICES
301374690,42,LIEBHERR-FRANCE
301374922,42,BLEDINA
301501391,42,SAFRAN ELECTRICAL & POWER
301503231,42,SOCIETE D'ECONOMIE MIXTE DES TRANSPORTS PUBLICS DE L'AGLOMERATION GRENOBLOISE
301520920,42,TEFAL
301763405,42,CEVA SANTE ANIMALE
301790705,42,GOM PROPRETE
302079462,42,NESTLE PURINA PETCARE FRANCE
302135561,42,LAFARGEHOLCIM CIMENTS
302421193,42,INSTITUT NATIONAL DE L'AUDIOVISUEL
302474648,42,NATURALIA FRANCE
302475041,51,PSA RETAIL FRANCE SAS
302588462,42,SAIPEM SA
302695614,42,KONICA MINOLTA BUSINESS SOLUTIONS FRANCE
302891114,51,GROUPE SOS SANTE
302958491,51,CRCAM DES SAVOIE
303335517,42,ASS DEP AMIS PARENTS ENFANTS INADAPTES
303376586,51,DARTY GRAND EST
303409593,53,ELIOR SERVICES PROPRETE ET SANTE
303560619,42,ASS POUR ADULTES & JEUNES HANDICAPES
303656847,42,EUROPCAR FRANCE
303970230,42,SOMFY ACTIVITES SA
304187701,51,CREDIT AGRICOLE CORPORATE AND INVESTMENT BANK
304349277,42,GSF PLUTON
304497852,53,SECURITAS FRANCE SARL
304576218,51,AFEJI
305151409,42,DIAGNOSTICA STAGO
305154262,42,JULES
305207169,52,ORANO CYCLE
305243222,42,SCORE
305376857,42,FEDEX EXPRESS FRANCE
305405045,51,AFTRAL
305635039,42,BASTIDE LE CONFORT MEDICAL
305823296,42,LABORATOIRES M&L
305874117,51,NATIONALE DE RECHERCHE ET D
306044504,42,GSF NEPTUNE
306138900,51,DECATHLON
306522665,42,AVIVA ASSURANCES SOCIETE ANONYME D'ASSURANCES INCENDIE ACCIDENTS ET RISQUES DIVERS EN ABREGE AVIVA ASSURANCES
306795600,42,GSF SATURNE
306916099,51,ARGEDIS
307049015,42,CAISSE FEDERALE DU CREDIT MUTUEL OCEAN
308077635,51,KEOLIS LYON
308185503,51,GSF MERCURE
308186758,42,INSTITUT CAMILLE MIRET
308403955,42,CGE DISTRIBUTION
308448851,42,DELABLI
308973239,42,SECURITAS TRANSPORT AVIATION SECURITY SAS
309064947,42,L'OREAL PRODUITS DE LUXE INTERNATIONAL
309065084,42,APSIDE
309073625,42,TRANSPORTS COMMUNS AGGLOMERATION ROUEN
309304616,51,REXEL FRANCE
309674414,42,LUSTRAL
309812840,42,SERVICE NETTOYAGE ET MANUTENTION
309954006,42,RATIER-FIGEAC
310601687,42,COUGNAUD CONSTRUCTION
310635032,42,ARTELIA BATIMENT & INDUSTRIE
310827563,42,GSF TREVISE
310968540,42,CHAINE THERMALE DU SOLEIL
311043194,42,HERTA
311248637,42,GRAS SAVOYE
311338339,42,AXA ASSISTANCE FRANCE
311799456,52,SCHENKER FRANCE
311799878,42,ADREA MUTUELLE
312147770,42,ARPEGE
312212301,52,RENAULT RETAIL GROUP
312454838,51,ASSOC HOSPITALIERE NORD ARTOIS CLINIQUE
312668601,42,KAEFER WANNER
313167173,42,DELIFRANCE S A
313334856,51,CELIO FRANCE
313777997,42,MACO PRODUCTIONS
313811515,42,CARREFOUR BANQUE
313966129,42,SAGE
314119504,51,AIR LIQUIDE FRANCE INDUSTRIE
314397670,51,PAULSTRA SNC
314397696,51,HUTCHINSON SNC
314572025,42,CAISSE GENERALE DE SECURITE SOCIALE
314603051,42,NOVANDIE
314635483,42,CAISSE GENERALE DE SECURITE SOCIALE
314684960,51,STE D'ECONOMIE MIXTE DES TRANSPORTS EN COMMUN DE L'AGGLOMERATION NANTAISE SEMITAN
314722026,51,CONTINENTAL AUTOMOTIVE FRANCE
314871815,42,TRANSPORTS AGGLOMERATION DE MONTPELLIER
315000943,51,SOCIETE POUR L'INFORMATIQUE INDUSTRIELLE
315013359,51,GE MEDICAL SYSTEMS
315065292,42,LA FRANCAISE DES JEUX
315268664,42,DXC TECHNOLOGY FRANCE
315334011,42,GENERAL LOGISTICS SYSTEMS FRANCE
315549352,52,ADREXO
315666958,42,CPM FRANCE
315871640,51,IDEX ENERGIES
315999201,42,LES GRANDS CHAIS DE FRANCE
316807015,51,SYSCO FRANCE SAS
317238061,42,BOUCHERS SERVICES
317358380,42,AGCO S.A.S.
317442176,42,EOVI MCD MUTUELLE
317686061,51,KILOUTOU
317780062,51,STOKOMANI
318083110,42,AMPLIFON FRANCE
318246899,51,GIE BNP PARIBAS CARDIF
318265741,42,FONDATION PERE FAVRON
318732880,42,AKKA I&S
318771995,42,ENTERPRISE HOLDINGS FRANCE
318883238,51,TNT EXPRESS NATIONAL
318906443,52,BUFFALO GRILL
318906591,42,LA BRIOCHE DOREE
319060075,42,SPIE ICS
319137576,51,PIERRE FABRE DERMO-COSMETIQUE
319159877,51,THALES LAS FRANCE SAS
319632790,52,ARKEMA FRANCE
319851408,51,SOCIETE VEHICULES AUTOMOBILES BATILLY
319883344,42,COMPTOIR ELECTRIQUE FRANCAIS
320217144,42,DOCAPOST BPO
320229644,42,INDIGO PARK
320252489,51,BPIFRANCE FINANCEMENT
320342264,51,CAISSE FEDERALE DU CREDIT MUTUEL NORD EUROPE
320441108,42,PUM PLASTIQUES SAS
320442726,42,MC CAIN ALIMENTAIRE
320662612,42,FONDATION BON SAUVEUR D'ALBY
320772510,52,FLUNCH
320861818,42,ASSOCIATION AUDOISE SOCIALE ET MEDICALE
320955396,42,OREXAD
321006892,42,BOUYGUES BATIMENT GRAND OUEST
322306440,51,DASSAULT SYSTEMES
322424342,51,VETIR
322566043,51,HIPPO GESTION ET CIE SNC
322624701,42,LISI AUTOMOTIVE FORMER
323391367,42,CAISSE PRIMAIRE ASSUR MALADIE VAL D'OISE
323532267,42,CAISSE PRIMAIRE ASSURANCE MALADIE
323636837,42,CAISSE PRIMAIRE ASSURANCE MALADIE DES HAUTS DE SEINE
323649525,51,ADEF RESIDENCES
323686691,42,LEO LAGRANGE CENTRE EST
323690271,42,CPAM SEINE SAINT DENIS
323722165,42,CAISSE PRIMAIRE ASSURANCE MALADIE
323841353,51,CAISSE PRIMAIRE ASSURANCE MALADIE PARIS
323914143,42,CAISSE PRIMAIRE ASSURANCE MALADIE 94
323932236,42,GIE AVIONS TRANSPORT REGIONAL
324095884,42,EURO DEFENSE SERVICE
324103829,42,SPIE INFOSERVICES
324286319,42,CMI PUBLISHING
324501006,42,PHARMA DOM
324613678,51,BRINK'S EVOLUTION
325002111,42,ASS ECOLE SPECIA TRAVA PUBLI BATIM INDUS
325307106,42,COFIDIS
325520450,42,ENTREMONT ALLIANCE
325520898,42,FOURNIER
325720720,42,STAUBLI FAVERGES
325821072,51,NTN-SNR ROULEMENTS
326019775,42,DU PAREIL AU MEME
326094471,52,SOCIETE NATIONALE DE RADIODIFFUSION RADIO FRANCE
326180544,42,SOCIETE MEDITERRANEENNE DE NETTOIEMENT
326300159,42,TELEVISION FRANCAISE 1
326521002,42,SOCIETE D'EXPLOITATION PROVENCIA
326578333,42,SANTE ET BIEN ETRE
326784709,42,SCHMIDT GROUPE
326820065,53,SOPRA STERIA GROUP
327308458,42,FONDATION ARC EN CIEL
327355160,51,ACPPA ACCUEIL ET CONFORT POUR PERSONNES AGEES
327359980,51,FEU VERT
327733184,42,MICROSOFT FRANCE
327917118,42,SNGST
328006432,42,ORANGE APPLICATIONS FOR BUSINESS
328427075,51,LIMPA NETTOYAGES
328621586,42,CORSAIR
328899042,42,COLAS NORD PICARDIE
328931613,51,MAIN SECURITE
329168157,51,COLAS ILE DE FRANCE NORMANDIE
329198337,51,COLAS NORD-EST
329208771,42,LABOSUD
329338883,51,COLAS CENTRE OUEST
329368526,51,COLAS MIDI MEDITERRANEE
329393797,51,COLAS RHONE-ALPES AUVERGNE
329405211,51,COLAS SUD OUEST
329925010,42,SYNERGIE
330139403,42,GOODYEAR FRANCE
330267691,51,CHAUSSEA SAS
330447236,42,AVEM
330715368,42,INSTITUT FRANCAIS DE RECHERCHE POUR L EXPLOITATION DE LA MER
330730771,51,EIFFAGE ENERGIE SYSTEMES - CLEMESSY SERVICES
331089474,42,TUI FRANCE
331310870,42,INDUSTEEL FRANCE
331312108,51,VALEO SYSTEMES THERMIQUES
331596270,42,CTRE COOP INTERNAT RECHERCHE AGRO DEV
331648014,52,MEDIAPOST
331888990,42,SOCIETE DES MAGASINS LOUIS VUITTON - FRANCE
332332386,51,VINDEMIA DISTRIBUTION
332737394,42,IFAC
332803519,42,ASS LAIQUE DE GESTION D ETABLISSEMENTS D EDUCATION ET D INSERTION
333202083,42,DAMART
333583466,51,KUEHNE+NAGEL
333695922,42,ACODEGE
333954386,42,ELIVIE
334159472,51,ANSAMBLE
334175221,51,UNITED PARCEL SERVICE FRANCE SAS
334353471,42,ASSOCIATION REGIONALE POUR L INTEGRATION
334473352,51,RELAIS FNAC
334769270,42,ALTERITE
334795051,42,EDENIS
334873726,51,PROXISERVE
335092318,42,ORACLE FRANCE
335146312,42,ABB FRANCE
337180160,42,POLYCLINIQUE DE COURLANCY
337562862,42,ASS EN FAVEUR DES HANDICAPES ET INADAPTE
337621841,51,RICOH FRANCE
338112733,42,PRICEWATERHOUSECOOPERS ADVISORY
338246317,51,PROSEGUR SECURITE HUMAINE
338253081,52,SODEXO SANTE MEDICO SOCIAL
338253131,51,SOCIETE FRANCAISE DE RESTAURATION ET SERVICES
338253230,52,SODEXO ENTREPRISES
338481955,51,SAFRAN HELICOPTER ENGINES
338567258,51,MOTEURS LEROY SOMER
338695869,42,MUREX
338880180,42,STOCK J BOUTIQUE JENNYFER
339030702,51,O-I FRANCE SAS
339379984,52,SAUR
339403933,51,DARTY GRAND OUEST
339447534,51,INTER SERVICE ORGANISATION
339609661,42,IDVERDE
339718421,52,ATALIAN PROPRETE ILE DE FRANCE
339774424,42,ASS DEP ADMINIST GESTION ETS SPECIALISES
340035526,42,KEOLIS RENNES
340234962,51,ALLIANZ VIE
340373687,42,DEXI DIFFUSION
340427616,42,GROUPAMA GAN VIE
340545441,42,FLEURY MICHON LS
340641216,42,DERICHEBOURG ATIS AERONAUTIQUE
340709534,42,IDEMIA FRANCE
341062404,51,GROUPE SOS SOLIDARITES
341152395,51,CHALLANCIN PREVENTION ET SECURITE
341174118,53,MEDICA FRANCE
341429488,42,ICTS FRANCE
341459386,42,STMICROELECTRONICS SA
341633725,42,VERTDIS
341737062,51,CNP ASSURANCES
341785632,42,SWISSLIFE ASSURANCE ET PATRIMOINE
341810232,42,TEXA SERVICES
342192150,42,VALEO SYSTEMES D ESSUYAGE
342404399,42,T D F
342837416,42,CLAIRE'S FRANCE
342874617,42,EUROTUNNEL SERVICES GIE
342948965,42,DEVRED
343059564,52,SOCIETE FRANCAISE DU RADIOTELEPHONE - SFR
343088134,42,VINCI CONSTRUCTION GRANDS PROJETS
343115135,42,CAISSE NATIONALE DE REASSURANCE MUTUELLE AGRICOLE GROUPAMA
343207916,42,STAR'S SERVICE
343234142,51,INITIAL
343262622,53,LIDL
343286183,42,PREVOIR VIE GROUPE PREVOIR
343321618,42,TORANN-FRANCE
343403531,51,COLLECTES VALORISATION ENERGIE DECHETS - COVED
343488508,42,SUEZ RV CENTRE EST
343688016,51,COCA-COLA EUROPEAN PARTNERS FRANCE
343862652,51,FRAIKIN FRANCE
343902136,42,GLOBAL FACILITY SERVICES
343952859,42,SUD SERVICE SAS
344103270,51,KIABI EUROPE
344122262,42,INFOTEL CONSEIL
344382874,51,GSF ORION
344477468,51,ELIVIA
344483003,51,GSF CELTUS
344496252,51,AMADEUS
344636477,42,GSF ATLANTIS
344810825,51,PARIS HABITAT-OPH
344844998,42,AKWEL SA
345006027,42,SECURITAS DIRECT SAS
345086177,51,CAMAIEU INTERNATIONAL
345130488,51,CARREFOUR PROXIMITE FRANCE
345197552,51,ALINE IMMO
345404156,42,TOYS R US
347384570,52,BOULANGER
347662454,42,SOCIETE LOUIS VUITTON SERVICES
347849382,42,PROXIMY
347902587,42,LABEYRIE
348006446,42,ERNST ET YOUNG ADVISORY
348607417,52,ALTEN
348674169,51,MARIONNAUD LAFAYETTE
348901521,51,SOCIETE COMMERCIALE CITROEN
348936386,51,FENWICK-LINDE
348991555,52,ZARA FRANCE
349357343,42,FIGEAC AERO
349505370,52,SANOFI PASTEUR
349942458,42,GE ENERGY PRODUCTS FRANCE SNC
349974931,42,CREDIT COOPERATIF
350050589,51,SEPUR
350063384,42,LACTALIS NESTLE ULTRA-FRAIS MARQUES
350127460,42,FNAC PARIS
350693586,42,FPT POWERTRAIN TECHNOLOGIES FRANCE
351005582,51,SOCIETE EUROPEENNE DE VEHICULES LEGERS DU NORD - SEVEL NORD
351164488,42,SPODIS SA
351466495,42,GRANDS MOULINS DE PARIS
351528229,42,DELL
351630371,42,FEDERAL EXPRESS CORPORATION
351713532,42,LEO LAGRANGE SUD OUEST
351745724,52,MEUBLES IKEA FRANCE
351825419,42,CHARLESTOWN
352014955,42,CANDIA
352050512,51,SAFRAN NACELLES
352170013,42,EXXONMOBIL CHEMICAL FRANCE
352256424,42,ARVAL SERVICE LEASE
352268973,42,EXPLEO REGIONS
352383715,52,AIRBUS HELICOPTERS
352483341,42,CAISSE D'EPARGNE ET DE PREVOYANCE DE BOURGOGNE FRANCHE-COMTE
352645501,42,KLOECKNER METALS FRANCE
352745749,51,EIFFAGE GENIE CIVIL
352876197,42,SAFRAN ENGINEERING SERVICES
352905707,51,AUSY
353150261,42,MODIS FRANCE
353380793,51,TELEPERFORMANCE  FRANCE
353513450,42,DERET LOGISTIQUE
353522204,42,ASSISTANCE AERONAUTIQUE ET AEROSPATIALE
353669419,42,DISTRICO
353821028,51,CAISSE D EPARGNE ET DE PREVOYANCE AQUITAINE POITOU CHARENTES
353861909,42,SQLI
354500225,42,ZIEGLER FRANCE SA
356000000,53,LA POSTE
356801571,51,BANQUE POPULAIRE ALSACE LORRAINE CHAMPAGNE
357200054,51,ROQUETTE FRERES
361200389,42,BRIDGESTONE FRANCE
367801404,51,FM FRANCE
376080487,42,DOUX
377550249,42,WAVESTONE
377714654,42,SOCIETE OUEST FRANCE
377768601,42,FIDELIA ASSISTANCE
377839667,42,HERTZ FRANCE
378158422,42,LES BEGONIAS
378168470,51,MBDA FRANCE
378570261,42,HERBALIFE INTERNATIONAL FRANCE
378702674,42,NATURE ET DECOUVERTES SA
378901946,51,WORLDLINE
378992895,51,XPO SUPPLY CHAIN FRANCE
379129497,51,PRO IMPEC
379134166,42,VOLVO TRUCKS FRANCE
379455231,51,HOLDING DE RESTAURATION CONCEDEE HRC
379587900,51,THOM
379706344,42,NEXTER SYSTEMS
379821994,42,SAP FRANCE
379834906,42,CRAMA MEDITERRANEE
379906753,42,CAISSE REGIONALE D ASSURANCES MUTUELLES AGRICOLES DU GRAND EST
379914237,42,ESSO RAFFINAGE
380110304,42,CONTINENTAL FRANCE
380129866,53,ORANGE
380231316,42,BERGERAT MONNOYEUR
380342808,51,AUBERT & DUVAL
380386854,42,CR CREDIT AGRICOLE MUTUEL LOIRE HTE LOIR
380474494,51,EURO INFORMATION DEVELOPPEMENTS
380622332,51,ARMAND THIERY SAS
380744870,42,KFC FRANCE SAS
380885129,42,PARIS AIR CATERING
380932590,42,STMICROELECTRONICS (TOURS) SAS
380980300,42,CAISSE D'ALLOCAT FAMIL SEINE-SAINT-DENIS
380992255,42,CAISSE ALLOCATIONS FAMILIALES DE PARIS
381031285,51,OPEN
381162197,51,FIDUCIAL PRIVATE SECURITY
381762038,42,BOUYGUES E&S FM FRANCE
381976448,51,CREDIT AGRICOLE ALPES PROVENCE
381983568,51,HELPLINE
382285260,42,CRAMA PARIS VAL DE LOIRE
382401867,42,FOOT LOCKER FRANCE
382587558,42,ACNA
382597821,42,NESPRESSO FRANCE
382742013,42,CAISSE D'EPARGNE ET DE PREVOYANCE D'AUVERGNE ET DU LIMOUSIN
382900942,51,CAISSE D'EPARGNE ET DE PREVOYANCE ILE-DE-FRANCE
383000692,51,CAISSE D'EPARGNE ET DE PREVOYANCE HAUTS DE FRANCE
383123874,51,EASYDIS
383196656,51,MAISONS DU MONDE FRANCE
383242161,51,XPO DISTRIBUTION FRANCE
383252608,42,ETF
383354594,42,CAISSE D'EPARGNE ET DE PREVOYANCE DE MIDI PYRENEES
383451267,42,CAISSE EPARGNE PREVOYANCE LANGUEDOC ROUSSILLON
383460714,42,EURIAL
383470937,52,THALES SIX GTS FRANCE SAS
383474814,52,AIRBUS
383475092,51,THALES DMS FRANCE SAS
383607090,51,TRANSDEV ILE DE FRANCE
383610623,42,JARDEL SERVICES
383686839,42,CAISSE EPARGNE PREVO LOIRE DROME ARDECHE
383703873,42,SAFT
383706397,51,FRANS BONHOMME
383711678,51,SCHINDLER
383844693,51,GROUPAMA LOIRE BRETAGNE
383952470,42,CAISSE D'EPARGNE ET DE PREVOYANCE LOIRE-CENTRE
383960135,51,CHRONOPOST
383984879,42,CAISSE D'EPARGNE ET DE PREVOYANCE D'ALSACE
383986874,51,COOPERL ARC ATLANTIQUE
383987625,42,GROUPAMA NORD EST
384006029,51,CAISSE D'EPARGNE ET DE PREVOYANCE DE RHONE ALPES
384343620,51,STN
384353413,42,CAISSE D'EPARGNE ET DE PREVOYANCE DE NORMANDIE
384402871,42,CAISSE EPARGNE PREVOYANCE COTE D'AZUR
384493284,42,ASSOCIATION ADELE DE GLAUBITZ
384560942,53,LEROY MERLIN FRANCE
384899399,42,CREDIT AGRICOLE MUTUEL DE FRANCHE COMTE
384956892,42,FEDERAL EXPRESS INTERNATIONAL (FRANCE)
384970786,51,NOCIBE FRANCE DISTRIBUTION
384983482,42,GSF PHOCEA
385290309,42,AGENCE DE L ENVIRONNEMENT ET DE LA MAITRISE DE L ENERGIE
385365713,52,GFI INFORMATIQUE
387949530,51,SYSTRA
388035107,42,ONET TECHNOLOGIES TI
388156499,42,SIRCA SNC
388698201,51,OCP REPARTITION
388734568,42,COMPUTACENTER FRANCE
388818726,42,AOSTE SNC OU A SNC
389191800,51,GRID SOLUTIONS
389191982,52,ALSTOM TRANSPORT SA
389192030,42,ALSTOM POWER SYSTEMS
389272295,42,GIE EUROPAC
389290586,42,LEGRAND SNC
389589375,42,DISTRILAP
390072551,42,CIRCET
390426450,42,DOCAPOSTE BPO IS
390555076,42,CENTRE HOSPITALIER ST JOSEPH ET ST LUC
390689529,42,SADEF
391007457,42,CAISSE REGION CRED AGR MUTUEL CENT OUEST
391101581,42,FONDATION EPF
391125796,51,RESTALLIANCE
391378239,42,AUTOGRILL COTE FRANCE
391504693,51,AUBAY
391548955,42,PROCTER & GAMBLE AMIENS
391637865,51,TECHNIP FRANCE
391851557,42,GROUPAMA D'OC
392527404,51,EUROMASTER FRANCE
392640090,51,CAISSE D'EPARGNE ET DE PREVOYANCE BRETAGNE - PAYS DE LOIRE
393135298,42,CS SYSTEMES D'INFORMATION
393162433,51,FAURECIA SIEGES D'AUTOMOBILE
393168273,42,APAVE PARISIENNE SAS
393341516,52,AIRBUS DEFENCE AND SPACE SAS
393379870,51,PROPRETE ENVIRONNEMENT INDUSTRIEL SA
393712286,52,SEPHORA
394026934,51,PROSERVIA
394157085,51,CAISSE REGIONALE DE CREDIT AGRICOLE MUTUEL DU NORD EST
394164966,51,PRO BTP
394342174,42,TEMPS DE VIE (DEVELOPPEMENT DES EQUIPTS
395001852,42,BLANC AERO INDUSTRIES
397471822,53,EURO DISNEY ASSOCIES SAS
397480930,51,BOUYGUES TELECOM
397767831,51,SOGETREL
398041442,42,ASS POUR ADULTES ET JEUNES HANDICAPES DU VAL D OISE
398110445,51,OKAIDI
398372615,42,STEM PROPRETE
398471565,42,ORCHESTRA-PREMAMAN
398762211,42,EIFFAGE ROUTE MEDITERRANEE
398824714,42,CAISSE REG CREDIT AGRI MUTUEL CTRE LOIRE
398827113,42,EIFFAGE ROUTE CENTRE EST
398972901,51,GMF ASSURANCES
398979310,52,H&M HENNES & MAURITZ
399226653,42,AUBERT FRANCE
399307370,42,EIFFAGE ROUTE SUD OUEST
399315613,52,METRO FRANCE
399354810,42,CAISSE REG CREDIT AGRICOLE MUTUEL 17-79
399395581,51,STMICROELECTRONICS (CROLLES 2) SAS
399780097,42,CAISSE REG CRED AGRIC MUT TOURAIN POITOU
399973825,51,CAISSE REG CREDIT AGRICOLE MUT CTRE-EST
400357885,42,ALTEN SYSTEMES D'INFORMATION ET RESEAUX
400395257,42,HOSPITALIERE DE BOURGOGNE FRANCHE COMTE
400720264,42,ASS CHRETIEN INSTITUT SOCIAL SANTE FRAN
400868188,42,CAISSE REG CREDIT AGRIC MUT VAL FRANCE
400944476,42,ASSOCIATION HOSPITALIERE DE BRETAGNE
401251566,53,ORPEA
401498878,42,PELICAN ROUGE COFFEE SOLUTIONS
401948245,42,DELOITTE CONSEIL
402038384,42,EIFFAGE ROUTE OUEST
402096267,42,EIFFAGE ROUTE NORD EST
402121958,51,CAISSE REGION CREDIT AGRIC MUTUEL SUDRA
402254437,42,OFFICE DEPOT FRANCE
402559595,42,CHATEAUFORM' FRANCE
402968655,42,DEVOTEAM
403052111,42,BOULANGERIES PAUL
403104250,51,LA PLATEFORME
403206964,42,MAXIMO
403259138,42,MANGO FRANCE
403259534,42,UMANIS
403267727,42,GIE DES HOTELS ECORED
403335904,51,SANOFI-AVENTIS FRANCE
403335938,51,SANOFI-AVENTIS GROUPE
404191447,42,ALTEN SUD OUEST
404271470,51,EXPLEO FRANCE
404432775,51,S N V
405395518,42,NIKE RETAIL BV
406680314,51,BRICORAMA FRANCE
407985308,42,BOUYGUES TRAVAUX PUBLICS
407997162,51,YZEE SERVICES
408023398,42,BT SERVICES
408024719,51,ATOS INTEGRATION
408457299,51,ASSOCIATION HOPITAL FOCH
408660595,42,DOMUSVI DOMICILE
408772101,42,EURODIF
409867942,42,INEO INFRACOM
410034607,52,SUEZ EAU FRANCE
410065361,42,EQUANT FRANCE SA
410151674,42,DUPONT RESTAURATION
410173298,51,BOIS & MATERIAUX
410218010,42,CEGID
410314876,42,SMRC AUTOMOTIVE MODULES FRANCE SAS
410349070,51,NOVARTIS PHARMA SAS
410352777,42,GLAXO WELLCOME PRODUCTION
410358865,51,SFR DISTRIBUTION
410409015,53,AUCHAN SUPERMARCHE
410409460,53,AUCHAN HYPERMARCHE
410436158,42,UGITECH
410546956,42,GROUPAMA SUPPORTS ET SERVICES
411381346,42,HUB SAFE
412280737,53,SNCF RESEAU
413151739,51,LA HALLE
413156795,51,CIE EUROPEENNE DE LA CHAUSSURE
413901760,52,ELIOR ENTREPRISES
414138842,42,LUDENDO COMMERCE FRANCE
414725101,51,THALES ALENIA SPACE FRANCE
414728337,42,LE BON MARCHE  MAISON ARISTIDE BOUCICAUT
414815043,42,LAFARGEHOLCIM BETONS
414815217,53,SAFRAN AIRCRAFT ENGINES
414819409,52,CONFORAMA FRANCE
414842062,42,HEINEKEN ENTREPRISE
414967984,51,ECONOCOM- OSIATIS FRANCE
414969584,51,STMICROELECTRONICS ROUSSET SAS
414993998,51,CAISSE REG CREDIT AGRI MUTUEL ANJOU MAIN
415176072,51,CAISSE REGIONALE DE CREDIT AGRICOLE MUTUEL PROVENCE COTE D'AZUR (ALPES DE HAUTE PROVENCE - ALPES MARITIMES - VAR)
415550284,42,V. MANE FILS
416220010,51,MAZAGRAN SERVICE
417350311,42,VIRBAC
417591971,42,APICIL TRANSVERSE
417890589,42,MSD FRANCE
418096392,42,MICROMANIA
418827655,42,CONSORT FRANCE
418872537,42,J.L. INTERNATIONAL
419671425,51,APAVE NORD-OUEST SAS
419683818,51,IVECO FRANCE
419695341,42,LEADER PRICE EXPLOITATION
419892336,51,LC FRANCE
420462046,51,ACCORINVEST
420495178,53,SOCIETE AIR FRANCE
420540643,42,EIFFAGE ENERGIE SYSTEMES - ILE DE FRANCE
420559056,51,TOYOTA MOTOR MANUFACTURING FRANCE
420624777,42,GROUPE CANAL+ SA
420797433,42,FAURECIA SYSTEMES D'ECHAPPEMENT
420809923,51,BRICOMAN
420916918,53,AIRBUS OPERATIONS
421100645,51,LA BANQUE POSTALE
421106709,52,SCHNEIDER ELECTRIC FRANCE
421110198,51,THIRIET DISTRIBUTION
421174038,51,ARCELORMITTAL MEDITERRANEE
421216276,42,MEDOTELS
421218132,51,ALLIANCE HEALTHCARE REPARTITION
421255134,42,B.D.M.S. DISTRIBUTION
421320268,42,SOURIAU
421343369,42,CRISTAL UNION
421363979,42,SPEEDY FRANCE SAS
421575820,42,ASSOCIATION LA PIERRE ANGULAIRE
421863259,42,SEW USOCOME
422101535,51,VORTEX
423032598,42,RESEAU CLUBS BOUYGUES TELECOM
423494335,42,UNION GEST ETS CAISSE ASSUR MALAD AQUITA
423628262,42,UGECAM HAUTS DE FRANCE
423765684,42,ALLIANCE EMPLOI
423868835,42,UGCAMIF UNION GEST CAISS ASSUR MAL
423888932,42,EUROPE SERVICES PROPRETE
424059822,42,CDISCOUNT
424210599,42,ALSTOM POWER SERVICE
424273407,42,UNION GEST ETS CAISSE ASSURANCE MALADIE
424596492,42,UGECAM OCCITANIE
424620227,42,UNION GESTION ETS CAISSES ASSUR MALADIE
424704963,42,THALES GLOBAL SERVICES SAS
424810257,42,UNION GESTION ETABL CAISSE ASSUR MALADIE
424982650,51,SCC FRANCE
425039773,42,VITALAIRE
425050556,51,CARGLASS S.A.S.
428240287,52,CARREFOUR SUPPLY CHAIN
428268023,53,DISTRIBUTION CASINO FRANCE
428286496,51,GFI INFORMATIQUE - PRODUCTION
428559967,42,COURIR FRANCE
428560031,51,GO SPORT FRANCE
428593230,51,NEXANS FRANCE
428611719,42,SOCIETE COOPERATIVE AGRICOLE ET AGRO-ALIMENTAIRE AGRIAL
428677124,51,THALES SERVICES SAS
428682447,42,ANDROS
428685358,53,SAMSIC II
428689392,52,SAMSIC 1
428692008,42,UGECAM BRPL
428706204,51,SANOFI CHIMIE
428764500,52,AREVA NP
428785042,51,AMAZON FRANCE LOGISTIQUE SAS
428822852,52,ETABLISSEMENT FRANCAIS DU SANG
428891113,42,TOTAL PETROCHEMICALS FRANCE
429707292,42,TERRENA
429853351,42,MECACHROME FRANCE
429955297,51,MANPOWER FRANCE
430006643,42,S.N.F. SA
430171058,42,UNION GEST ETS CAIS ASS MAL PACA CORSE
431817915,42,SFR BUSINESS DISTRIBUTION
431968601,51,FONDATION DE L ARMEE DU SALUT
432123735,51,ADP GSI FRANCE
432505972,42,ERT TECHNOLOGIES
432513356,51,LANCRY PROTECTION SECURITE
432766947,53,FRANCE TELEVISIONS
433085149,42,MONDELEZ FRANCE BISCUITS PRODUCTION SAS
433225356,42,BARILLA FRANCE
433240991,51,INTER MUTUELLES ASSISTANCE GIE
433250834,51,DEKRA INDUSTRIAL
433513892,51,CHRONODRIVE
433604196,42,EIFFAGE ROUTE ILE DE FRANCE / CENTRE OUEST
433691862,51,ID LOGISTICS FRANCE
433744539,42,ELECTRO DEPOT FRANCE
433900834,51,BOUYGUES BATIMENT ILE DE FRANCE
433927332,51,TRANSGOURMET OPERATIONS
433999356,51,RANDSTAD
434004198,42,TEREVA
434027249,42,ITRON FRANCE
434085395,51,SPIE CITYNETWORKS
434317293,51,VENTE PRIVEE.COM
434651246,51,CAISSE REG CREDIT AGRI MUTUEL AQUITAINE
434691192,42,MILLIPORE
437574452,42,AMUNDI ASSET MANAGEMENT
437642531,42,CREDIT AGRICOLE ALSACE VOSGES
437723844,51,GENERALE DE TELEPHONE
438277030,51,ENDEL
438420887,51,FONDATION VINCENT DE PAUL
439067612,51,CHANTIERS DE L'ATLANTIQUE
439117698,42,GSF ARIES
439118449,42,GSF ATLAS
439436569,42,ADISSEO FRANCE S.A.S.
439769654,51,ESSILOR INTERNATIONAL
439975640,52,FONDATION PARTAGE ET VIE
440048882,52,MMA IARD
440055861,42,SPIE INDUSTRIE & TERTIAIRE
440056026,42,SPIE EST
440056182,51,SPIE ILE DE FRANCE NORD OUEST
440056356,42,SPIE OUEST-CENTRE
440056463,42,SPIE SUD-OUEST
440117620,51,GRTGAZ
440156081,42,DELPHI FRANCE SAS
440233104,51,CARRARD SERVICES
440242469,51,CAISSE REG CRED AGRIC MUT ATLANTIQUE VEN
440267177,42,AXIMA REFRIGERATION FRANCE
440283752,53,CSF
440305282,42,IDEMIA IDENTITY & SECURITY FRANCE
440319101,51,SAMSIC SECURITE
440322808,42,DELISAVEURS
440513059,51,SAFRAN CERAMICS
440536555,51,ACM
440546018,42,INSTIT RADIOPROTECTION SURETE NUCLEAIRE
440676559,51,CAISSE REG CREDIT AGRIC MUT NORD FRANCE
440767549,42,YOPLAIT FRANCE
441133808,53,NAVAL GROUP
441921913,51,MGEN ACTION SANITAIRE ET SOCIALE
442694436,42,NOVARES FRANCE
442835468,42,CONSTRUCTEL CONSTRUCTIONS TELECOMMUNICA.
443177233,42,GOODRICH ACTUATION SYSTEMS SAS
443577739,42,MUTUALITE FONCTION PUBLIQUE ACTION SANTE SOCIAL
443716832,42,SYNGENTA FRANCE SAS
443782784,42,SOFEDIT
443918776,42,ZEEMAN TEXTIELSUPERS
443982038,42,FLEX-N-GATE FRANCE
444159164,51,ASSYSTEM ENGINEERING AND OPERATION SERVICES
444182687,42,JULES VERNE
444212955,51,SOLOCAL
444249478,42,FRANCE GARDIENNAGE
444420830,42,DPD FRANCE
444495774,51,CAPGEMINI DEMS FRANCE
444502025,51,LDC SABLE
444562532,42,MUTUELLE NATIONALE DU BIEN VIEILLIR-MBV
444608442,53,ENEDIS
444619258,52,RTE RESEAU DE TRANSPORT D ELECTRICITE
444656680,42,MONOP'
444698500,42,GIE DES HOTELS SUPER ECONOMIQUES
444718563,52,ARCELORMITTAL ATLANTIQUE ET LORRAINE
444750368,51,JARDILAND ENSEIGNES
444786511,52,GRDF
444798813,42,MAINTENANCE TECHNIQUE OPTIMISEE
444953830,51,CRCAM NORD MIDI-PYRENEES
445088057,51,ACCENTURE TECHNOLOGY SOLUTIONS
445174675,51,ASSOCIATION HOPITAL ST JOSEPH MARSEILLE
445200488,51,CAISSE REG CREDIT AGRIC MUT CTRE FRANCE
445330103,42,STARBUCKS COFFEE FRANCE
445330236,42,DISTRIVERT
445331192,51,LA MONDIALE GROUPE
447754086,42,GUINTOLI
447818600,51,EVANCIA
448457978,51,SOCIETE DE DISTRIBUTION AEROPORTUAIRE
448549758,42,GARDIENNAGE ECLIPSE SURETE
448694133,42,HP FRANCE SAS
449142348,51,ERNST & YOUNG ET ASSOCIES
449586544,42,AXIONE
449990712,42,BIO-RAD FRANCE
450046768,42,CITY ONE ACCUEIL
450593975,42,RGIS SPECIALISTES EN INVENTAIRE SARL
450776968,51,LOXAM
450792999,42,SOPRA BANKING SOFTWARE
451053383,51,VITALLIANCE
451208292,51,ACTICALL FRANCE
451321335,53,CARREFOUR HYPERMARCHES
451329908,42,CRIT
451375638,42,NOVO NORDISK PRODUCTION SAS
451399729,42,PLASTIC OMNIUM AUTO EXTERIEUR
451647903,52,BRICO DEPOT
451678973,53,CASTORAMA FRANCE
451751564,42,CREDIT AGRICOLE ASSURANCES SOLUTIONS
453606410,42,PROTECTIM SECURITY SERVICES SAS
455501452,42,ESTERRA
455502096,51,BANQUE CIC NORD OUEST
456204809,42,BANQUE CIC SUD OUEST
456204940,42,PRESSE ET EDITION DU SUD OUEST
456500537,53,DALKIA
456504851,51,CREDIT DU NORD
457506566,42,BANQUE POPULAIRE DU NORD
469600050,42,IT-CE
470500943,42,TAPIS SAINT MACLOU
470801168,42,CDC HABITAT
476980321,42,POMONA EPISAVEURS
477180186,42,LA REDOUTE
477181010,52,API RESTAURATION
477280846,42,PROMOTION DU PRET A PORTER
478355753,42,ETAM LINGERIE
478417710,42,CHANEL PARFUMS BEAUTE
478455793,51,BOULANGERIES BG
478725625,42,GIFI MAG
478834930,51,CAISSE REG CREDIT AGRIC MUT NORMANDIE
478951080,42,TRIOMPHE SECURITE
479048597,51,LOOMIS FRANCE
479162695,42,VALEO SYSTEMES DE CONTROLE MOTEUR
479182750,51,PEOPLE AND BABY
479464166,42,NESTLE WATERS SUPPLY EST
479766800,42,CAPGEMINI CONSULTING
479766842,53,CAPGEMINI TECHNOLOGY SERVICES
479766982,42,CAPGEMINI OUTSOURCING SERVICES
479927915,42,LOISIRS EDUCATION & CITOYENNETE GRAND SUD
479942583,52,SOGETI FRANCE
480107911,52,SAFRAN ELECTRONICS & DEFENSE
480266014,42,VYV CARE ILE DE FRANCE
480470152,52,NORAUTO FRANCE
480890656,42,EURO CARGO RAIL
481213692,42,GE ENERGY POWER CONVERSION FRANCE
482283694,42,CASTEL FRERES
482340973,51,COTE BOULANGE
482605771,42,SAFRAN AEROSYSTEMS
483018370,42,CARRIER
483209383,51,APPLE RETAIL FRANCE EURL
483479168,42,SERIS AIRPORT SERVICES
483733747,42,BYBLOS HUMAN SECURITY
484920194,42,SILEC CABLE
485197552,42,SOPREMA ENTREPRISES
487530099,51,NEXITY LAMY
487596165,42,SOCIETE DES NOUVEAUX HYPERMARCHES
487625436,51,CAISSE REGIONALE DE CREDIT AGRICOLE MUTUEL BRIE PICARDIE
488404823,42,HIQ CONSULTING
488411844,42,BTP RESIDENCES MEDICO SOCIALES
488727298,42,HANES FRANCE
489139436,42,BCA EXPERTISE SAS
489332908,42,COOPER-STANDARD FRANCE
489375691,51,BIEN A LA MAISON
489626135,42,INGEROP CONSEIL ET INGENIERIE (ICI)
490176120,42,APPART'CITY
490225737,42,S3M SECURITE
490381753,42,AWP FRANCE SAS
490657376,42,OTI FRANCE SERVICES
491371167,42,LFB BIOMEDICAMENTS
491372702,51,SPBI
492787957,51,GRANDVISION FRANCE
492826417,51,CAISSE REGIONALE DE CREDIT AGRICOLE MUTUEL DU LANGUEDOC
493191407,51,KUEHNE NAGEL ROAD
493254908,51,SMURFIT KAPPA FRANCE
493265284,42,COMPAGNIE D'EXPLOITATION ET DE REPARTITION PHARMACEUTIQUES DE ROUEN
493371595,42,FROMAGERIES BEL PRODUCTION FRANCE
493378939,51,ALCATEL-LUCENT INTERNATIONAL
493394662,42,XEROX TECHNOLOGY SERVICES
493455042,42,BPCE
493689566,42,ARC EN CIEL ENVIRONNEMENT
494887854,42,MARS WRIGLEY CONFECTIONERY FRANCE
494956774,51,DHL INTERNATIONAL EXPRESS (FRANCE)
496680018,51,KERMENE
499198059,42,HOPITAUX PRIVES DE METZ
500569405,53,DECATHLON FRANCE
501524029,42,FRANCE MEDIAS MONDE
501620819,51,CAPTAIN TORTUE FRANCE
501645196,42,COMPAGNIE DES FROMAGES ET RICHESMONTS
501651616,42,APERAM STAINLESS FRANCE
501735328,42,UNION MUT GESTION GROUPE HOSP MUTUALISTE DE GRENOBLE
502254881,42,GSF GRANDE ARCHE
503314767,51,PRINTEMPS
503681801,42,SOCIETE COOPERATIVE AGRICOLE AXEREAL
504313032,51,ARC FRANCE
504514555,42,CENTRE DE CONSEIL ET DE SERVICE -CCS
504726787,42,SUEZ RV NORD EST
504941337,42,STMICROELECTRONICS (GRENOBLE 2) SAS
507628444,42,ASSOCIATION DE MOYENS RETRAITE
508102159,42,DISTRIBUTION MATERIAUX BOIS-PANNEAUX - D.M.B.P
508321155,42,PV RESIDENCES & RESORTS FRANCE
508321213,42,CENTER PARCS RESORTS FRANCE
508513785,52,SOCOPA VIANDES
509168480,42,ASS POUR  L'ACCOMPAGNEMENT ET LE MAINTIEN A DOMICILE
509553459,51,M H C S
509760948,42,PROTELCO
509909537,42,GROUPEMENT DE COOPERATION MEDICO SOCIAL ARRAS MONTREUIL SUR MER
513634808,42,SOCIETE NOUVELLEWM EN ABREGE 'WM'
514080837,52,ITM LOGISTIQUE ALIMENTAIRE INTERNATIONAL
515163749,42,CPAM DE LOIRE ATLANTIQUE
515450088,42,SAFRAN SEATS
517442125,42,CAISSE PRIMAIRE D ASSURANCE MALADIE DU BAS RHIN
517465928,42,CAISSE PRIMAIRE D ASSURANCE MALADIE DU RHONE
518515416,51,AAF LA PROVIDENCE II
518515564,42,EUROP NET II
518720925,51,APAVE SUDEUROPE SAS
519032247,51,ARIANEGROUP SAS
519587851,42,ETABLISSEMENT PUBLIC PALAIS DE LA DECOUVERTE ET CITE DES SCIENCES ET DE L'INDUSTRIE
519780795,51,SOCULTUR
519881791,42,AZURIAL
520079252,42,BUSINESS & DECISION CORPORATE SERVICES
520239716,51,ATALIAN PROPRETE NORD NORMANDIE
520256306,42,ATALIAN PROPRETE OUEST
520283110,51,ATALIAN PROPRETE EST
520451907,51,ATALIAN PROPRETE SUD OUEST
520807876,51,TISSEO
521320408,42,CREDIT AGRICOLE TECHNOLOGIES ET SERVICES
521504969,42,FONDATION DIACONESSES DE REUILLY
521795237,42,KIKO FRANCE
523371052,42,KINOUGARDE
523394724,42,PARKER HANNIFIN MANUFACTURING FRANCE
524334943,42,VEOLIA EAU D'ILE DE FRANCE SNC
524959236,42,ELIOR CONCESSIONS GARES
525031522,51,FIDAL
525580130,51,COOP ATLANTIQUE
525721189,42,SAVERGLASS
528570229,51,LPCR GROUPE
528648892,51,CHAUSSON MATERIAUX
529221749,51,TOTAL RAFFINAGE FRANCE
529784225,51,ASSOCIATION DE GESTION D'ETABLISSEMENTS ET SERVICES POUR PERSONNES EN SITUATION DE HANDICAP (AGAPEI)
530342740,51,FONDATION DES AMIS DE L'ATELIER
530675222,51,LOGISITIQUE FRANCE
531680445,42,TOTAL MARKETING FRANCE
532243599,42,EASY JET AIRLINE COMPANY LTD
532254307,42,INSTITUT DE CANCEROLOGIE DE L OUEST
533247979,42,TEREOS FRANCE
533294922,42,FONDATION PROVIDENCE DE RIBEAUVILLE
534037254,42,CAISSE D ALLOCATIONS FAMILIALES DU RHONE
534175179,42,CAISSE D'ALLOCATIONS FAMILIALES DU NORD
535318935,51,SEGULA MATRA AUTOMOTIVE
535406458,42,SEGULA ENGINEERING FRANCE
535420533,42,CONFRAT EXPLOIT ET REPART PHARMACEUTIQUE
538518473,51,HARMONIE MUTUELLE
538695040,42,KEM ONE
538700022,51,SPIE FACILITIES
542014428,51,NESTLE FRANCE
542016381,51,CREDIT INDUSTRIEL ET COMMERCIAL
542016654,51,SOCOTEC FRANCE
542016951,53,ISS PROPRETE
542029848,51,CREDIT FONCIER DE FRANCE
542034921,42,TOTAL MARKETING SERVICES
542035753,42,LE JOINT FRANCAIS
542042486,42,BAYARD PRESSE
542044524,52,NATIXIS
542051180,52,TOTAL SA
542052766,51,CHANEL
542063797,42,GAN ASSURANCES
542064175,42,SPAC
542065479,53,PSA AUTOMOBILES SA
542069158,42,BASF FRANCE SAS
542073580,51,MAAF ASSURANCES SA
542074976,42,GORON SA
542076799,52,OGF
542077755,42,SOCIETE DU FIGARO
542078555,42,3M FRANCE
542086616,51,ETABLISSEMENTS DARTY ET FILS
542088067,42,BEL
542095336,42,LAGARDERE TRAVEL RETAIL FRANCE
542097522,51,CA CONSUMER FINANCE
542097902,52,BNP PARIBAS PERSONAL FINANCE
542097944,42,ELM LEBLANC SAS
542104245,42,BANQUE PALATINE
542107651,52,ENGIE
542107800,51,OTIS
542110291,52,ALLIANZ I.A.R.D.
542820352,42,BANQUE POPULAIRE BOURGOGNE FRANCHE-COMTE
542880125,42,PETIT-BATEAU
546380197,42,ONEY BANK
546650334,51,DACHSER FRANCE
546650367,42,ARRIVE
546950379,51,CHARAL
548500149,42,SOCOMEC
549800373,51,BANQUE POPULAIRE VAL DE FRANCE
552002313,51,BANQUE POPULAIRE RIVES DE PARIS
552011983,42,SAMADA
552012031,42,ROCHE
552014201,42,SELECTA
552016628,52,AEROPORTS DE PARIS
552016834,42,LIEBHERR-AEROSPACE TOULOUSE SAS
552018020,42,MONOPRIX
552032708,42,REGIE IMMOBILIERE DE LA VILLE DE PARIS
552044992,52,POMONA
552046955,53,ENGIE ENERGIE SERVICES
552048027,51,KEOLIS LILLE
552048837,42,SKF FRANCE
552049447,53,SNCF MOBILITES
552059024,42,THALES
552062648,42,USP NETTOYAGE
552062663,42,GENERALI IARD
552065187,51,PARFUMS CHRISTIAN DIOR
552081317,53,ELECTRICITE DE FRANCE
552081739,51,APTAR FRANCE SAS
552083297,53,"MONOPRIX EXPLOITATION, PAR ABREVIATION MPX"
552088536,51,BOLLORE LOGISTICS
552091795,51,BRED BANQUE POPULAIRE
552108011,51,BNP PARIBAS SECURITIES SERVICES
552108722,51,SOC FIDUCIAIRE NATIO EXPERTISE COMPTABLE
552111809,42,KEOLIS
552115891,42,COFIROUTE
552116329,42,44 GALERIES LAFAYETTE - 44 GL
552118465,52,CIE IBM FRANCE
552119216,42,UNILEVER FRANCE
552120222,53,SOCIETE GENERALE
552124984,42,RADIALL
552141533,51,IMMOBILIERE 3F
554200808,42,BANQUE POPULAIRE DU SUD
556650208,42,CAISSE FEDERALE DU CREDIT MUTUEL DE MAINE ANJOU ET BASSE NORMANDIE
560801300,51,BANQUE POPULAIRE OCCITANE
562016774,51,SIEMENS S.A.S
562024422,51,CMA CGM
562033068,42,JANSSEN CILAG
562036624,51,PONTICELLI FRERES
562038893,42,BAYER SAS
562041525,42,AUTOROUTE ESTEREL COTE AZUR PROVENCE ALP
562050856,42,B.BRAUN MEDICAL
562077503,51,SADE - COMPAGNIE GENERALE DE TRAVAUX HYDRAULIQUES
562082909,42,SAFRAN
562091546,42,BOUYGUES IMMOBILIER
562107003,51,ONET LOGISTIQUE
562110346,42,TERREAL
562110882,42,LAFARGEHOLCIM GRANULATS
562113530,51,THALES DIS FRANCE SA
562123513,42,ACOME SOCIETE COOPERATIVE ET PARTICIPATIVE SOCIETE ANONYME COOPERATIVE DE PRODUCTION A CAPITAL VARIABLE
562136036,42,RAZEL-BEC
562620773,42,SINIAT
562880179,42,CEMOI CONFISEUR
562880468,42,LACOSTE OPERATIONS
562920470,42,LA MERIDIONALE DES BOIS ET MATERIAUX
568500680,42,COMPAGNIE DES TRANSPORTS STRASBOURGEOIS
568504161,51,SCHAEFFLER FRANCE
569200959,42,TRANSPORTS G GAUTIER
569801897,42,KSB SAS
571722669,42,LYRECO FRANCE
572002186,42,ARCADE NETTOYAGE
572025526,52,VEOLIA EAU - COMPAGNIE GENERALE DES EAUX
572028041,42,DELOITTE ET ASSOCIES
572050334,42,CLEAR CHANNEL FRANCE
572053833,51,ENTREPRISE GUY CHALLANCIN
572059939,42,SIACI SAINT HONORE
572062594,51,GALERIES LAFAYETTE HAUSSMANN - GL HAUSSMANN
572067684,51,ROBERT BOSCH FRANCE
572102176,51,SOGERES
572104891,53,BANQUE DE FRANCE
572139996,51,AUTOROUTES DU SUD DE LA FRANCE
572141885,51,DISTRIBUTION SANITAIRE CHAUFFAGE
572185684,51,CLUB MED
572201549,42,ALLEZ CIE
572232650,42,BHV EXPLOITATION
573680162,42,PREZIOSO LINJEBYGG
582001707,42,CAROLL INTERNATIONAL
582022265,42,GUERLAIN
582081782,42,AXIMUM
588505354,51,CAISSE FEDERALE DE CREDIT MUTUEL
590800215,51,MERIAL
592052302,51,KONE
597020841,51,DAHER AEROSPACE
599815073,42,AXENS
601650146,42,EURALIS GASTRONOMIE
602033185,42,ALE INTERNATIONAL
602036444,42,ACCOR
602056749,42,SAINT LOUIS SUCRE
602060147,42,HACHETTE LIVRE
602062481,52,GENERALI VIE
602820011,42,SOC NOISEENNE OUTILLAGE DE PRESSE SNOP
605520071,51,BANQUE POPULAIRE AUVERGNE RHONE ALPES
609849153,51,LILLY FRANCE
612034496,42,KANTAR
612035832,51,CHRISTIAN DIOR COUTURE
612039073,42,INTERFORUM
612039495,51,THALES AVS FRANCE SAS
622028777,42,VORWERK FRANCE
622037083,51,RHODIA OPERATIONS
622044501,51,JCDECAUX FRANCE
622057594,42,OTUS
627220049,51,HERVE THERMIQUE
629857301,42,JUNGHEINRICH FRANCE
632012100,52,L'OREAL
632013843,42,GRANT THORNTON
632017257,42,MCI
632017513,42,BNP PARIBAS LEASE GROUP
632039988,42,SAICA PACK FRANCE
632041042,53,COMPASS GROUP FRANCE
632045837,42,MANITOWOC CRANE GROUP FRANCE OU         MCG FRANCE
632049128,51,COLAS RAIL
632050019,42,SANEF
632050191,42,TIMAC AGRO
632750139,51,DAVIGEL
639804384,42,ZODIAC AEROTECHNICS
642005177,42,FERROPEM
642058739,51,BULL SAS
645680026,42,DELPEYRAT
652023961,42,AVIS LOCATION DE VOITURES
652031857,42,HEWLETT-PACKARD FRANCE
652044991,42,VALLOUREC TUBES FRANCE
654800689,42,CIMENTS CALCIA
662005214,42,ISS HYGIENE ET PREVENTION
662014489,42,SUEZ RV ILE-DE-FRANCE
662025196,52,ELRES
662032234,51,SOCIETE ENTRETIEN NETTOYAGE INDUSTRIEL
662042449,53,BNP PARIBAS
662043116,52,OFFICE NATIONAL DES FORETS
662049287,42,SPIE NUCLEAIRE
662051275,51,C & A FRANCE
665580072,42,BONDUELLE EUROPE LONG LIFE
668502966,42,WURTH FRANCE
672006483,42,PRICEWATERHOUSECOOPERS AUDIT
672008489,42,ORANO DS- DEMANTELEMENT ET SERVICES
672014081,42,CONSTELLIUM ISSOIRE
672024155,42,LINDT ET SPRUNGLI
672039971,51,DANONE PRODUITS FRAIS FRANCE
673620399,51,BIOMERIEUX SA
675580542,42,KUHN SA
675980114,51,HAGER ELECTRO SAS
682040837,51,SMAC
682780150,42,SOCATA
685420606,51,PROMOD
692029457,42,CREDIT AGRICOLE LEASING & FACTORING
692041585,42,ETABLISSEMENT PUBLIC DE LA REUNION DES MUSEES NATIONAUX ET DU GRAND PALAIS DES CHAMPS-ELYSEES
692043714,42,CAISSE REGIONALE DE CREDIT MUTUEL D'ILE DE FRANCE
695480244,42,CNH INDUSTRIAL FRANCE
695680108,42,POINT P S.A.S.
696520410,51,HERMES SELLIER
698800935,42,BOMBARDIER TRANSPORT FRANCE S.A.S
702000522,51,CHUBB FRANCE
702002221,42,DIAC
702012956,53,ALTRAN TECHNOLOGIES
702021114,53,DERICHEBOURG PROPRETE
702023433,42,MAUBEUGE CONSTRUCTION AUTOMOBILE
702034398,42,NESTLE WATERS SUPPLY SUD
702038464,42,ELCO
702042755,53,CGI FRANCE
702055187,42,ESSITY OPERATIONS FRANCE
703780247,42,SOBECA
705580108,42,EURIAL ULTRA FRAIS
706580149,42,BAYER HEALTHCARE SAS
712002641,42,ISS LOGISTIQUE ET PRODUCTION
712019538,51,SAFRAN LANDING SYSTEMS
712042456,52,DASSAULT AVIATION
712052141,51,PENELOPE SA
713002269,51,SANOFI-AVENTIS RECHERCHE ET DEVELOPPEMENT
722000395,51,CIE EXPLOITATION SCE AUXILIAIRE AERIEN
722024742,51,THYSSENKRUPP ASCENSEURS
722034592,42,VERALLIA FRANCE
722041860,52,BUT INTERNATIONAL
722045879,42,TECHNIQUE ENERGIE ATOMIQUE - TECHNICATOME
722057460,53,AXA FRANCE IARD
722063997,51,SOC DES ATELIERS LOUIS VUITTON
729800706,42,PLACOPLATRE
731620316,42,BOUYGUES BATIMENT SUD-EST
732075312,51,ACCENTURE
738205269,42,CANON FRANCE
739806230,51,ETS HORTICOLES GEORGES TRUFFAUT
739809226,42,KALHYGE 2
745420653,42,ENTREPRISE GENERALE LEON GROSSE
745851303,42,GUILBERT PROPRETE
752610147,51,ASS DE MOYENS KLESIA
753108950,51,GROUPEMENT DES HOPITAUX DE L'INSTITUT CATHOLIQUE DE LILLE
753188333,51,GROUPEMENT D'INTERET ECONOMIQUE HUMANIS ASSURANCES DE PERSONNES
753201268,51,GROUPEMENT D'INTERET ECONOMIQUE HUMANIS RETRAITE COMPLEMENTAIRE ET ACTION SOCIALE
753308238,52,ACTION FRANCE
753313329,42,FONDATION SAINT JEAN DE DIEU
754800712,51,BANQUE CIC EST
755501590,51,BANQUE POPULAIRE AQUITAINE CENTRE ATLANTIQUE
755802105,51,SAINT GOBAIN PAM
758501001,51,LEGRAND FRANCE
769800202,51,HEPPNER SOCIETE DE TRANSPORTS
775347891,42,MUTUALITE FRANCAISE CENTRE- VAL DE LOIRE
775544083,51,ASS DEP AMIS ENFANTS INADAPTES
775544562,51,ORSAC
775552003,42,FONDATION LENVAL NICE
775552151,42,CPAM AM
775552268,42,ADAPEI-AM
775555261,42,APEI DE L'AUBE
775555691,42,AFDAIM ADAPEI 11 ASSOCIATION FAMILIALE DEPARTEMENTALE D AIDE AUX PERSONNES HANDICAPEES MENTALES
775556384,42,FONDATION OPTEO
775558364,42,CAISSE D'ALLOCATIONS FAMILIALES DES BOUCHES DU RHONE
775558489,42,GRAND PORT MARITIME DE MARSEILLE
775558968,42,UNAPEI ALPES PROVENCE
775559115,42,CAISSE D ASSURANCE RETRAITE ET DE LA SANTE AU TRAVAIL
775559404,51,CAISSE D'EPARGNE CEPAC
775559719,42,SAUVEGARDE 13
775559891,42,ASS PATRONAGE INSTITUT REGIONAL SOURDS AVEUGLES DE MARSEILLE
775561392,42,ACSEA
775567761,51,MUTUALITE FRANCAISE BOURGUIGNONNE SERVICES DE SOINS ET ACCOMPAGNEMENT MUTUALISTES SSAM
775568884,51,ADAPEI-NOUELLES COTES D'ARMOR
775569726,42,CAISSE REGIONALE DE CREDIT AGRICOLE MUTUEL CHARENTE-PERIGORD
775571300,42,ASSOCIATION D HYGIENE SOCIALE DE FRANCHE COMTE
775573454,42,ADAPEI DE LA DROME
775576986,42,TRISKALIA
775577018,52,CREDIT MUTUEL ARKEA
775577851,42,LES PAPILLONS BLANCS DU FINISTERE
775577950,42,DON BOSCO
775581218,42,ASSOC REG SAUVEGARDE ENFANT ADO ADUL
775581226,51,AGIR SOIGNER EDUQUER INSERER
775581242,42,RESILIENCE OCCITANIE
775584972,42,PAVILLON DE LA MUTUALITE - MUTUALITE FRANCAISE GIRONDE -SERVICES DE SOINS ET D'ACCOMPAGNEMENT MUTUALISTES
775585003,51,ADAPEI
775586662,42,ASSOCIATION LAIQUE DU PRADO
775590847,42,CAISSE REGIONALE CREDIT AGRICOLE MUTUEL
775590920,51,ADAPEI 35
775591563,51,SOCIETE VITREENNE D'ABATTAGE
775593957,42,ASSOCIATION DEPARTEMENTALE DES AMIS ET PARENTS D'ENFANTS INADAPTES
775595846,42,MUTUALITE FRANCAISE ISERE SERVICES SOINS ET ACCOMPAGNEMENT MUTUALISTE
775595903,51,ASSOCIATION FAMILIALE DE L'ISERE POUR PERSONNES HANDICAPEES
775602436,42,MUTUALITE FRANCAISE LOIRE-HAUTE LOIRE
775602485,51,ASS DEP AMIS PARENTS ENFANCE INADAP
775602527,42,AGIR INNOVER MIEUX VIVRE
775605405,51,ADAPEI LES PAPILLONS BLANCS
775605462,42,MUTUALITE FRANCAISE LOIRE ATLANTIQUE-SOINS ACCOMP MUTUALISTES-MUTUALITE RETRAITE
775607518,42,LES PAPILLONS BLANCS DU LOIRET
775608979,42,ASSOCIATION LE CLOS DU NID
775609621,42,MUTUALITE FRANCAISE ANJOU MAYENNE
775609977,42,ADAPEI DU MAINE ET LOIRE
775615313,42,OFFICE HYGIENE SOCIALE M ET M
775615594,51,ADULTES ENFANTS INADAPTES MENTAUX
775616162,42,CAISSE REG CREDIT AGRICOL MUTUEL LORRAIN
775617673,42,ADAPEI MORB PAPILLONS BLANCS
775618036,42,BOULANGERIE NEUHAUSER
775618150,51,GROUPE SOS SENIORS
775618622,51,CAISSE D'EPARGNE ET DE PREVOYANCE GRAND EST EUROPE
775618689,42,ASS CMSEA
775619596,42,APEI MOSELLE
775620420,51,LES PAPILLONS BLANCS DE LILLE
775621014,42,LES PAPILLONS BLANCS DU CAMBRESIS
775621949,42,PAPILLONS BLANCS DENAIN ET ENVIRONS
775622129,42,PAPILLONS BLANCS ARRONDISSEMENT DE DOUAI
775622285,42,LES PAPILLONS BLANCS DE DUNKERQUE
775624067,42,ACTION SANITAIRE SOCIALE REGION LILLE
775624075,51,ASSOCIATION LAIQUE POUR L'EDUCATION LA FORMATION LA PREVENTION ET L'AUTONOMIE
775624562,42,CAISSE D ASSURANCE RETRAITE ET SANTE AU TRAVAIL
775624679,42,LA SAUVEGARDE DU NORD
775627037,42,LES PAPILLONS BLANCS ROUBAIX TOURCOING
775627292,42,APEI VALENCIENNOIS LES PAPILLONS BLANCS
775629132,42,UNAPEI DE L'OISE
775629272,51,ASSOCIATION D'ACTION ET D'INSERTION SOCIALE
775629280,42,ADAPEI DE L'ORNE
775629934,51,LA VIE ACTIVE
775630445,51,FONDATION HOPALE
775633308,52,ASSOCIATION HOSPITALIERE SAINTE MARIE
775634355,42,ADAPEI DU PUY DE DOME
775638661,42,ASS DEPARTEMENTALE DES PEP
775638737,42,ADAPEI
775639008,42,ASS DEP AMIS PARENTS ENFANTS INADAPTES
775641830,42,ASS REG SPECIALISEE EDUCATION ANIMATION
775642069,51,ASS BAS-RHINOISE AIDE PERSONNES AGEES
775642614,51,ADAPEI PAPILLONS BLANCS D'ALSACE
775643232,42,ASSOCIATION LYONNAISE DE GESTION D'ETABLISSEMENTS POUR PERSONNES DEFICIENTES
775643257,42,ASSOCIATION POUR LES PERSONNES EN SITUATION DE HANDICAP NEUROMOTEUR ET LEUR FAMILLE
775644149,42,NICOLLIN SAS
775646615,42,ASSOCIATION COMITE COMMUN
775648231,42,CAISSE D ASSURANCE RETRAITE ET DE SANTE AU TRAVAIL RHONE ALPES
775648280,51,ADAPEI 69
775652381,42,ADAPEI DE LA SARTHE
775657570,51,FONDATION COS ALEXANDRE GLASBERG
775657612,42,FONDATION COGNACQ JAY
775657695,42,ASSOCIATION L' ESSOR
775658354,42,AGENCE FRANCE PRESSE
775660087,42,ASSOCIATION NATIONALE DE PREVENTION EN ALCOOLOGIE ET ADDICTOLOGIE
775660970,42,ASS INSERT REINSERT PROF HUMAIN HANDIC
775661796,42,LA RENAISSANCE SANITAIRE
775662059,42,COMITE ETUDES SOINS AUX POLYHANDICAPES
775662257,51,SANOFI WINTHROP INDUSTRIE
775663438,53,REGIE AUTONOME DES TRANSPORTS PARISIENS
775663958,42,ASSOCIATION GROUPE ESSEC
775664873,51,BOUYGUES ENERGIES & SERVICES
775665599,42,AGENCE FRANCAISE DE DEVELOPPEMENT
775665615,51,CAISS REGIO CREDI AGRIC MUTUEL PARIS IDF
775665631,42,MUTUELLE ASSURANCES CORPS SANTE FRANCAIS
775665912,51,CENTRE NATIONAL D'ETUDES SPATIALES
775666530,42,SOC PHILANTHROPIQUE
775667363,42,COMPAGNIE DES EAUX ET DE L'OZONE PROCEDES M P OTTO
775670284,52,HSBC FRANCE
775671258,42,PARI MUTUEL URBAIN
775672165,51,FONDATION LEOPOLD BELLAN
775672272,53,CROIX ROUGE FRANCAISE
775672454,42,VIVRE ET DEVENIR VILLEPINTE - SAINT-MICHEL
775672462,42,ASSOC ENTRAIDE UNIVERSITAIRE
775675739,42,SOC AUTEUR COMPOSITEUR EDITEUR MUSIQUE
775676265,42,ASSOCIATION LE MOULIN VERT
775678584,42,MUTUELLE NATIONALE TERRITORIALE MNT
775680309,51,COALLIA
775681091,42,FONDATION DE ROTHSCHILD
775682040,42,UCPA SPORT VACANCES
775682321,42,COMITE GESTION OEUVRES SOC ETS HOSPIT PU
775682990,51,FONDATION HOPITAL SAINT JOSEPH
775683006,51,FONDATION  SANTE DES ETUDIANTS DE FRANCE
775683402,42,LA VIE AU GRAND AIR
775684764,51,SOC MUTUELLE D'ASSURANCE DU BTP
775684897,51,INSTITUT PASTEUR
775684970,42,ASSOCIATION AURORE
775685019,53,COMMISSARIAT A L' ENERGIE ATOMIQUE ET AUX ENERGIES ALTERNATIVES
775685316,52,CAISSE AUTONOME NATIONALE SECURITE SOCIALE MINES
775685340,51,LA MUTUELLE GENERALE
775685399,51,MUTUELLE GENERALE EDUCATION NATIONALE
775685506,42,GROUPE SOS JEUNESSE
775685621,42,UNION FRANCAISE CENTRE VACANCES LOISIRS
775688732,53,APF FRANCE HANDICAP
775688799,52,FONDATION APPRENTIS D'AUTEUIL
775690621,52,BUREAU VERITAS
775691892,42,APRIA R.S.A
775693385,51,L'ADAPT
775694730,51,CAISSE REGIONALE ASSURANCE MALADIE
775694748,51,CAISSE CENTRALE ACTIVITE SOCIALE
775694995,42,ZODIAC AERO ELECTRIC
775700198,42,GRAND PORT MARITIME DU HAVRE
775701477,52,MUTUELLE ASSURANCE TRAVAILLEUR MUTUALISTE
775709702,52,MUTUELLE ASSURANCE INSTITUTEUR FRANCE
775710668,42,ASS DEPT AMIS PARENTS ENFANTS INADAPTES
775714991,42,COOP AGRICOL VENDEE APPROV VENTE CEREALE
775715105,51,ADAPEI ARIA DE VENDEE
775718216,42,CREDIT AGRICOLE MUTUEL CHAMPAGNE-BOURGOG
775722846,42,AEDE
775722879,42,OFF NAT ETUDES RECHERCHES AEROSPATIALES
775726417,52,KPMG
775728223,42,ASS INT CTRE MED SOCIAUX REG ILE FRANCE
775729155,42,IFP ENERGIES NOUVELLES
775733835,52,MAJ
775737646,42,APOGEI 94
775741101,51,INSTITUT GUSTAVE ROUSSY
776042210,42,UFIFRANCE PATRIMOINE
776056467,42,UNION DES GROUPEMENTS D'ACHATS PUBLICS
776190951,42,ASSOCIATION JOSEPH SAUVY
776221467,51,GROUPE BIGARD
776916207,42,CAISSE REGIONALE DE CREDIT AGRICOLE MUTUEL TOULOUSE 31
776926370,42,INSTITUT CLAUDIUS REGAUD
776950404,42,CAISSE PRIMAIRE ASSUR MALADIE
776983546,42,CREDIT AGRICOLE MUTUEL PYRENEES GASCOGNE
777380783,51,HOSPITALITE SAINT THOMAS DE VILLENEUVE
777456179,42,CAISSE REGIONALE DE CREDIT AGRICOLE MUTUEL DES COTES D'ARMOR
777571761,51,ASSOCIATION LES GENETS D OR
777629288,42,FONDATION ILDYS
777863820,42,MUTUALITE FRANCAISE FINISTERE MORBIHAN
777903816,42,CREDIT AGRICOLE DU MORBIHAN
778115824,42,BMSO
778125468,42,GROUPE ASSOCIATIF HANDY UP
778127613,51,STELIA AEROSPACE
778134601,42,CAISSE REGIONALE DE CREDIT AGRICOLE MUTUEL DU FINISTERE
778147454,42,CAISSE DE CREDIT MUTUEL DU SUD-EST
778735217,42,FONDATION PROTESTANTE SONNENHOF
778950550,51,FONDATION DE LA MAISON DU DIACONAT DE MULHOUSE
779463223,42,LA BOITE A OUTILS
779471986,42,EOVI SERVICES ET SOINS
779838366,51,GROUPAMA RHONE ALPES AUVERGNE
779868728,51,FONDATION ACTION ET RECHERCHE HANDICAP ET SANTE MENTALE
779924133,42,CENTRE ANTICANCEREUX L BERARD
780129987,53,RENAULT SAS
780864948,42,FED DEP ASS ADMR DE LA MANCHE
780901559,42,FONDATION BON SAUVEUR
781065396,51,CAISSE COMPENS CONGES PAYES PORT HAVRE
781172952,42,ASS DEP AMIS PARENTS ENFANCE INADAPTEE
781343579,42,ADEI
781452511,52,MACIF
781456785,51,ADAPEI 79
781622782,42,PRESENCE VERTE SERVICES
781669601,51,FONDATION JOHN BOST
781847421,42,CAISSE PRIMAIRE ASSURANCE MALADIE
782021307,42,MAISON DE SANTE PROTESTANTE BAGATELLE
782879951,42,HOPITAL AMBROISE PARE
782885735,51,CAISSE PRIMAIRE CENTRALE ASSUR MALADIE
782921233,42,INSTITUT JEAN PAOLI & IRENE CALMETTES CENTRE REGIONAL DE LUTTE CONTRE LE CANCER
783705841,42,SKEMA  BUSINESS SCHOOL
784176026,42,SCOPELEC
784257164,51,INSTITUT CURIE
784308249,51,FONDATION NATIONALE SCIENCES POLITIQUES
784396079,42,OPERA NATIONAL DE PARIS
784579682,52,FEDERATION DES APAJH
784608416,51,CREDIT AGRICOLE SA
784621468,42,BTP PREVOYANCE
784778029,42,FONDATION A DE ROTHSCHILD
784824153,42,MAZARS
784939688,52,PICARD SURGELES
784971301,42,CAISSE PRIMAIRE ASSUR MALADI
785041005,42,FONDATION PERCE NEIGE
785304031,42,CLAAS TRACTOR SAS
785433814,42,SOGEPARK
785480351,52,SUPERMARCHES MATCH
785558941,42,AFASER - FOYERS ET SAJ
785668237,42,ASS MONSIEUR VINCENT
786116681,42,UNIVERSITE CATHOLIQUE DE L OUEST
786920306,53,CORA
788058030,51,ADOMA
788213825,52,SERIS SECURITY
788617793,51,URSSAF ILE DE FRANCE
789139789,51,COLRUYT RETAIL FRANCE
789367174,42,STANLEY SECURITY FRANCE
789485869,42,NEWREST WAGONS-LITS FRANCE
789791464,51,GEFCO FRANCE
790151716,51,HOP!
790182786,42,BUREAU VERITAS CONSTRUCTION
790184675,51,BUREAU VERITAS EXPLOITATION
790843411,42,DEMATHIEU BARD CONSTRUCTION
790858294,51,PRIMARK FRANCE SAS
791079858,51,ASSOCIATION MOSELLANE D'AIDE AUX PERSONNES AGEES
791747819,51,ADAPEI  DU  DOUBS
794030213,42,REGIE LIGNE D'AZUR
794487231,42,UNION DE RECOUVREMENT DES COTISATIONS DE SECURITE SOCIALE ET D ALLOCATIONS FAMILIALES DE PROVENCE - ALPES - COTE D AZUR
794514356,42,GSF GRANDE ARCHE
794846501,42,U R S S A F RHONE ALPES
794994277,42,MUTUALITE FRANCAISE NORMANDE SSAM
797080850,51,SA EAUX MINERALES EVIAN
801252719,51,OVE
801947052,52,GIE AG2R REUNICA
802485920,42,FONDATION SANTE SERVICE
802634840,42,ASCO INDUSTRIES
803247956,42,UPSA SAS
803733625,51,ATALIAN PROPRETE PACA
803744507,42,ATALIAN PROPRETE RHONE ALPES
803769827,42,FERRERO FRANCE COMMERCIALE
805020740,42,SOPRA STERIA INFRASTRUCTURE & SECURITY SERVICES
807641360,42,CONSTELLIUM NEUF BRISACH
808227052,51,KEOLIS BORDEAUX METROPOLE
808332670,53,SNCF
808528731,42,GROUPE ROCHER OPERATIONS
810146563,51,U-LOGISTIQUE
811934363,42,NXO FRANCE
812773711,42,BPCE INFOGERANCE ET TECHNOLOGIES
812986289,51,ASSOCIATION DE MOYENS ASSURANCES
815243852,42,CORSICA LINEA
817439524,42,ORANO PROJETS
817797095,51,ARPAVIE
819779406,42,ENTERPRISE SERVICES FRANCE SAS
824228142,52,AGENCE NATIONALE POUR LA FORMATION PROFESSIONNELLE DES ADULTES
824541148,51,ACTION LOGEMENT SERVICES
829418292,42,ASS DEP PARENTS ET AMIS DES PERSONNES HANDICAPEES MENTALES 27
829887454,42,TATI MAG
854800745,52,AXIMA CONCEPT
855200507,53,MANUF FRANC PNEUMATIQ MICHELIN
855801072,51,BANQUE CIC OUEST
855802369,42,TROUILLARD SA
857200521,42,CENTRE SPECIALITES PHARMACEUTIQUES
857500227,42,BANQUE POPULAIRE GRAND OUEST
857802508,51,MANITOU BF
867800427,51,SYSTEME U OUEST
867800518,42,PAUL GRANDJOUAN SOC ASSAINISSEM COLLECTE
870800299,42,CAISSE REGIONALE DE CREDIT MUTUEL DE LOIRE- ATLANTIQUE ET DU CENTRE OUEST
876580077,42,LABORATOIRES DE BIOLOGIE VEGETALE YVES ROCHER
886080282,42,HPM NORD
927250217,51,BRETAGNE ANGLETERRE IRLANDE
945752137,51,EIFFAGE ENERGIE SYSTEMES - CLEMESSY
950026914,51,FRANCE QUICK SAS
950344333,51,VALEO VISION
954200838,42,CROWN EMBALLAGE FRANCE SA
954503439,51,SCHNEIDER ELECTRIC INDUSTRIES SAS
954506077,52,RENAULT TRUCKS
954507976,51,LYONNAISE DE BANQUE
954509741,53,CREDIT LYONNAIS
955500293,51,VALEO EQUIPEMENTS ELECTRIQUES MOTEUR
955503982,42,DESAUTEL
957503931,52,MAGASINS GALERIES LAFAYETTE
957520901,42,COMPAGNIE NATIONALE DU RHONE
957526858,51,TOUPARGEL
962501318,42,REEL
967504697,51,BOIRON
967802059,42,GSF JUPITER
971201546,42,SATELEC
972200018,42,FIDUCIAL CONSULTING
973505357,42,FEDEX EXPRESS FR
976320309,42,KP1
998269211,42,SAINT GOBAIN GLASS FRANCE
998348601,42,ALSACE CROISIERES - CROISIEUROPE
998823504,51,ADECCO FRANCE
